{"Basic Information":{"Username":"madrains","Name":"Madison","Creation Date":"2013-08-26 15:10:22 UTC"},"Device Information":{"Make":"Apple","Model ID":"iPhone12,1","Model Name":"iPhone 11","User Agent":"","Language":"en","OS Type":"iOS","OS Version":"iOS 15.6.1","Connection Type":"WIFI, CELL"},"Device History":[{"Make":"Apple","Model":"iPhone12,1","Start Time":"2021-04-21 04:00:00 UTC","Device Type":"PHONE"},{"Make":"Apple","Model":"iPad8,1","Start Time":"2020-05-15 02:00:00 UTC","Device Type":"PHONE"},{"Make":"Apple","Model":"iPhone9,1","Start Time":"2018-11-22 16:00:00 UTC","Device Type":"PHONE"},{"Make":"Apple","Model":"iPhone6,1","Start Time":"2020-05-18 21:00:00 UTC","Device Type":"PHONE"},{"Make":"Samsung","Model":"SM-G960U","Start Time":"2020-03-02 04:00:00 UTC","Device Type":"PHONE"},{"Make":"Apple","Model":"iPhone7,2","Start Time":"2019-04-16 04:00:00 UTC","Device Type":"PHONE"}],"Privacy Policy and Terms of Service Acceptance History":[],"Custom Creative Tools Terms":[],"Login History":[{"IP":"98.44.3.19","Country":"US","Created":"2021-11-27 19:02:34 UTC","Status":"success","Device":"Snapchat/11.55.0.39 (iPad8,1; iOS 14.8; gzip)"}],"Family Center":[]}