{"Basic Information":{"First Name":"","Last Name":"","Email":"","Phone Number":"","Account Creation Date":"2016-12-14 20:15:42 UTC","Account Creation User Agent":""},"Analytics":{"App Open Count":0,"Avatar Gender":"female","Outfit Save Count":0,"Share Count":0},"Terms of Service Acceptance History":[{"Version":"Bitmoji Privacy Policy & Terms of Service - July 19, 2016","Acceptance Date":"2016-12-14 20:23:19"},{"Version":"Bitmoji Privacy Policy & Terms of Service - January 10, 2017","Acceptance Date":"2017-05-25 17:46:15"},{"Version":"Bitmoji Privacy Policy & Terms of Service - May 15, 2018","Acceptance Date":"2018-09-30 06:20:16"},{"Version":"Bitmoji Privacy Policy & Terms of Service - October 15, 2018","Acceptance Date":"2018-12-12 04:44:00"}],"Search History":[],"Support Cases":[],"Selfies":[],"Keyboard Enable Full Access History (iOS only)":[],"Connected Apps":[]}