{"Friends":[{"Username":"a_arlle","Display Name":"A Arlle","Creation Timestamp":"2022-03-13 20:54:28 UTC","Last Modified Timestamp":"2022-03-13 20:54:28 UTC","Source":"added by added me back"},{"Username":"wes2dot2","Display Name":"PLANET_RiDER","Creation Timestamp":"2018-07-08 03:17:52 UTC","Last Modified Timestamp":"2018-07-08 03:17:52 UTC","Source":"added by added me back"},{"Username":"edgar.rgomez26","Display Name":"E.Gomez26","Creation Timestamp":"2022-01-12 15:26:47 UTC","Last Modified Timestamp":"2022-01-12 15:26:47 UTC","Source":"added by suggested"},{"Username":"mylacbell","Display Name":"Myla","Creation Timestamp":"2016-05-16 03:01:44 UTC","Last Modified Timestamp":"2016-05-16 03:01:44 UTC","Source":"added by added me back"},{"Username":"enjoycocacolea","Display Name":"An awk Turtle","Creation Timestamp":"2013-10-08 22:22:40 UTC","Last Modified Timestamp":"2013-10-08 22:22:40 UTC","Source":"added by unknown"},{"Username":"aish.sadiq","Display Name":"","Creation Timestamp":"2015-04-13 02:18:55 UTC","Last Modified Timestamp":"2015-04-13 02:18:55 UTC","Source":"added by added me back"},{"Username":"connorater","Display Name":"Connor","Creation Timestamp":"2016-11-10 17:30:59 UTC","Last Modified Timestamp":"2016-11-10 17:30:59 UTC","Source":"added by suggested"},{"Username":"riley_moo10","Display Name":"Riley Morrison","Creation Timestamp":"2017-01-01 03:01:31 UTC","Last Modified Timestamp":"2017-01-01 03:01:31 UTC","Source":"added by added me back"},{"Username":"d-hood123","Display Name":"Kevin","Creation Timestamp":"2016-06-27 19:44:40 UTC","Last Modified Timestamp":"2016-06-27 19:44:40 UTC","Source":"added by added me back"},{"Username":"daratamara","Display Name":"","Creation Timestamp":"2017-12-26 02:31:44 UTC","Last Modified Timestamp":"2017-12-26 02:31:44 UTC","Source":"added by added me back"},{"Username":"gaandi11","Display Name":"GAANDI","Creation Timestamp":"2016-06-27 19:45:01 UTC","Last Modified Timestamp":"2016-06-27 19:45:01 UTC","Source":"added by added me back"},{"Username":"shoopybear","Display Name":"Shoop","Creation Timestamp":"2018-09-11 17:38:53 UTC","Last Modified Timestamp":"2018-09-11 17:38:53 UTC","Source":"added by added me back"},{"Username":"mohsen.fathi","Display Name":"Moh Sen","Creation Timestamp":"2018-09-20 03:06:06 UTC","Last Modified Timestamp":"2018-09-20 03:06:06 UTC","Source":"added by added me back"},{"Username":"sony123456789","Display Name":"Sôn 🌼","Creation Timestamp":"2019-04-28 14:30:19 UTC","Last Modified Timestamp":"2019-04-28 14:30:19 UTC","Source":"added by added me back"},{"Username":"danny8ah","Display Name":"danny8ah⚽️","Creation Timestamp":"2016-04-08 23:32:15 UTC","Last Modified Timestamp":"2016-04-08 23:32:15 UTC","Source":"added by added me back"},{"Username":"emmaschenck","Display Name":"Emma Schenck","Creation Timestamp":"2019-11-16 05:27:35 UTC","Last Modified Timestamp":"2019-11-16 05:27:35 UTC","Source":"added by added me back"},{"Username":"blissfulintent","Display Name":"Joshua","Creation Timestamp":"2017-08-23 03:21:39 UTC","Last Modified Timestamp":"2017-08-23 03:21:39 UTC","Source":"added by added me back"},{"Username":"afrobro22","Display Name":"A TAY","Creation Timestamp":"2018-04-28 18:39:37 UTC","Last Modified Timestamp":"2018-04-28 18:39:37 UTC","Source":"added by shared username"},{"Username":"zzeldar","Display Name":"Zelda","Creation Timestamp":"2014-12-24 14:03:04 UTC","Last Modified Timestamp":"2014-12-24 14:03:04 UTC","Source":"added by unknown"},{"Username":"lilmamanicole","Display Name":"Nicole","Creation Timestamp":"2016-06-26 13:34:21 UTC","Last Modified Timestamp":"2016-06-26 13:34:21 UTC","Source":"added by username"},{"Username":"rjmoney6","Display Name":"Rj","Creation Timestamp":"2014-12-26 04:17:32 UTC","Last Modified Timestamp":"2014-12-26 04:17:32 UTC","Source":"added by unknown"},{"Username":"davidmontu","Display Name":"Davidmontu","Creation Timestamp":"2016-06-27 19:44:50 UTC","Last Modified Timestamp":"2016-06-27 19:44:50 UTC","Source":"added by added me back"},{"Username":"ambachaaan","Display Name":"Amber","Creation Timestamp":"2019-05-17 15:01:36 UTC","Last Modified Timestamp":"2019-05-17 15:01:36 UTC","Source":"added by phone"},{"Username":"mrtimn17","Display Name":"Tim","Creation Timestamp":"2013-08-26 15:11:10 UTC","Last Modified Timestamp":"2013-08-26 15:11:10 UTC","Source":"added by unknown"},{"Username":"alissonaguirre","Display Name":"Alison","Creation Timestamp":"2013-08-26 15:10:53 UTC","Last Modified Timestamp":"2013-08-26 15:10:53 UTC","Source":"added by unknown"},{"Username":"serzap","Display Name":"Serina","Creation Timestamp":"2016-09-04 18:57:16 UTC","Last Modified Timestamp":"2016-09-04 18:57:16 UTC","Source":"added by qr code"},{"Username":"mouwcat","Display Name":"","Creation Timestamp":"2014-02-28 04:19:13 UTC","Last Modified Timestamp":"2014-02-28 04:19:13 UTC","Source":"added by unknown"},{"Username":"tacomiguaco","Display Name":"Holden Wagner","Creation Timestamp":"2016-05-15 21:27:00 UTC","Last Modified Timestamp":"2016-05-15 21:27:00 UTC","Source":"added by phone"},{"Username":"gina.444","Display Name":"Tina","Creation Timestamp":"2016-10-04 00:21:42 UTC","Last Modified Timestamp":"2016-10-04 00:21:42 UTC","Source":"added by phone"},{"Username":"ivana62992","Display Name":"Ivana","Creation Timestamp":"2018-11-28 23:57:35 UTC","Last Modified Timestamp":"2018-11-28 23:57:35 UTC","Source":"added by added me back"},{"Username":"minelaaaaa","Display Name":"Manilla","Creation Timestamp":"2013-08-26 15:11:18 UTC","Last Modified Timestamp":"2013-08-26 15:11:18 UTC","Source":"added by unknown"},{"Username":"kaliediscope","Display Name":"Karina","Creation Timestamp":"2015-01-28 23:06:02 UTC","Last Modified Timestamp":"2015-01-28 23:06:02 UTC","Source":"added by unknown"},{"Username":"milanoelle","Display Name":"Milan","Creation Timestamp":"2013-11-22 05:15:18 UTC","Last Modified Timestamp":"2013-11-22 05:15:18 UTC","Source":"added by unknown"},{"Username":"mahmoudm98","Display Name":"Mahmoud","Creation Timestamp":"2019-10-31 18:23:54 UTC","Last Modified Timestamp":"2019-10-31 18:23:54 UTC","Source":"added by added me back"},{"Username":"juhjinski","Display Name":"Cisco","Creation Timestamp":"2016-11-29 15:25:35 UTC","Last Modified Timestamp":"2016-11-29 15:25:35 UTC","Source":"added by qr code"},{"Username":"thuglifewhoop","Display Name":"Michell_is_awesome","Creation Timestamp":"2016-03-21 01:07:57 UTC","Last Modified Timestamp":"2016-03-21 01:07:57 UTC","Source":"added by added me back"},{"Username":"reesetha_beast","Display Name":"","Creation Timestamp":"2015-01-14 17:19:34 UTC","Last Modified Timestamp":"2015-01-14 17:19:34 UTC","Source":"added by unknown"},{"Username":"jamesahssani","Display Name":"James Ahssanipoor","Creation Timestamp":"2016-12-07 01:32:54 UTC","Last Modified Timestamp":"2016-12-07 01:32:54 UTC","Source":"added by added me back"},{"Username":"franzgar","Display Name":"","Creation Timestamp":"2016-06-27 19:44:57 UTC","Last Modified Timestamp":"2016-06-27 19:44:57 UTC","Source":"added by added me back"},{"Username":"lalabiggie","Display Name":"Lala","Creation Timestamp":"2016-05-17 00:14:25 UTC","Last Modified Timestamp":"2016-05-17 00:14:25 UTC","Source":"added by added me back"},{"Username":"love_selflessly","Display Name":"April","Creation Timestamp":"2016-04-25 03:50:59 UTC","Last Modified Timestamp":"2016-04-25 03:50:59 UTC","Source":"added by added me back"},{"Username":"theremma","Display Name":"Emma","Creation Timestamp":"2013-08-26 15:11:27 UTC","Last Modified Timestamp":"2013-08-26 15:11:27 UTC","Source":"added by unknown"},{"Username":"boom_missile","Display Name":"Sweezy","Creation Timestamp":"2016-06-27 19:45:06 UTC","Last Modified Timestamp":"2016-06-27 19:45:06 UTC","Source":"added by added me back"},{"Username":"aposaragon","Display Name":"","Creation Timestamp":"2016-06-27 19:45:05 UTC","Last Modified Timestamp":"2016-06-27 19:45:05 UTC","Source":"added by added me back"},{"Username":"samarmathur","Display Name":"Samar","Creation Timestamp":"2019-05-12 22:14:57 UTC","Last Modified Timestamp":"2019-05-12 22:14:57 UTC","Source":"added by added me back"},{"Username":"coraliscutelike","Display Name":"Coral","Creation Timestamp":"2013-08-26 15:11:32 UTC","Last Modified Timestamp":"2013-08-26 15:11:32 UTC","Source":"added by unknown"},{"Username":"devinmichelle46","Display Name":"Devin","Creation Timestamp":"2013-09-05 00:22:25 UTC","Last Modified Timestamp":"2013-09-05 00:22:25 UTC","Source":"added by unknown"},{"Username":"ivino566","Display Name":"Ivan🇬🇱🔌⛽️","Creation Timestamp":"2020-12-29 00:30:53 UTC","Last Modified Timestamp":"2020-12-29 00:30:53 UTC","Source":"added by username"},{"Username":"iloveeating","Display Name":"Lizette","Creation Timestamp":"2013-08-26 15:11:20 UTC","Last Modified Timestamp":"2013-08-26 15:11:20 UTC","Source":"added by unknown"},{"Username":"ahuerta96","Display Name":"Ana 🙃","Creation Timestamp":"2016-03-21 01:43:26 UTC","Last Modified Timestamp":"2016-03-21 01:43:26 UTC","Source":"added by added me back"},{"Username":"aracelee1","Display Name":"Araceli🌻","Creation Timestamp":"2017-02-11 01:56:45 UTC","Last Modified Timestamp":"2017-02-11 01:56:45 UTC","Source":"added by qr code"},{"Username":"tdao999999","Display Name":"Cong Trinh","Creation Timestamp":"2016-12-19 02:11:41 UTC","Last Modified Timestamp":"2016-12-19 02:11:41 UTC","Source":"added by added me back"},{"Username":"just_grace98","Display Name":"Grace Vollmers","Creation Timestamp":"2016-05-20 22:15:13 UTC","Last Modified Timestamp":"2016-05-20 22:15:13 UTC","Source":"added by phone"},{"Username":"harrisonc90","Display Name":"Harrison","Creation Timestamp":"2018-09-04 05:13:17 UTC","Last Modified Timestamp":"2018-09-04 05:13:17 UTC","Source":"added by added me back"},{"Username":"jenecestpas","Display Name":"jenecestpas","Creation Timestamp":"2016-11-30 02:18:43 UTC","Last Modified Timestamp":"2016-11-30 02:18:43 UTC","Source":"added by username"},{"Username":"edison_meza","Display Name":"","Creation Timestamp":"2014-12-29 01:49:35 UTC","Last Modified Timestamp":"2014-12-29 01:49:35 UTC","Source":"added by unknown"},{"Username":"mel372","Display Name":"Melissa","Creation Timestamp":"2014-02-04 22:12:12 UTC","Last Modified Timestamp":"2014-02-04 22:12:12 UTC","Source":"added by unknown"},{"Username":"djbaker00","Display Name":"Dylan","Creation Timestamp":"2016-11-24 19:11:16 UTC","Last Modified Timestamp":"2016-11-24 19:11:16 UTC","Source":"added by added me back"},{"Username":"meredithvclark","Display Name":"Meredith Clark","Creation Timestamp":"2018-04-27 19:23:25 UTC","Last Modified Timestamp":"2018-04-27 19:23:25 UTC","Source":"added by qr code"},{"Username":"tipo202","Display Name":"Kizer","Creation Timestamp":"2013-11-22 05:15:54 UTC","Last Modified Timestamp":"2013-11-22 05:15:54 UTC","Source":"added by unknown"},{"Username":"treseleck","Display Name":"Seleck","Creation Timestamp":"2016-04-29 04:25:02 UTC","Last Modified Timestamp":"2016-04-29 04:25:02 UTC","Source":"added by phone"},{"Username":"dashaha","Display Name":"Dasha 🦋","Creation Timestamp":"2019-05-17 15:01:19 UTC","Last Modified Timestamp":"2019-05-17 15:01:19 UTC","Source":"added by suggested"},{"Username":"christian_rod17","Display Name":"Yolo","Creation Timestamp":"2013-09-20 04:31:23 UTC","Last Modified Timestamp":"2013-09-20 04:31:23 UTC","Source":"added by unknown"},{"Username":"jpeezi","Display Name":"Joel Pulido","Creation Timestamp":"2017-10-11 22:06:33 UTC","Last Modified Timestamp":"2019-04-09 01:51:29 UTC","Source":"added by group chat"},{"Username":"queenbrittaney","Display Name":"Brittaney","Creation Timestamp":"2013-08-26 15:11:35 UTC","Last Modified Timestamp":"2013-08-26 15:11:35 UTC","Source":"added by unknown"},{"Username":"emillers","Display Name":"Emily","Creation Timestamp":"2013-08-26 15:11:28 UTC","Last Modified Timestamp":"2013-08-26 15:11:28 UTC","Source":"added by unknown"},{"Username":"g0losa69","Display Name":"Destinyy","Creation Timestamp":"2015-01-16 02:27:34 UTC","Last Modified Timestamp":"2015-01-16 02:27:34 UTC","Source":"added by unknown"},{"Username":"jenlovesgabbs","Display Name":"Jenifer","Creation Timestamp":"2015-02-05 04:09:46 UTC","Last Modified Timestamp":"2017-07-22 04:21:32 UTC","Source":"added by phone"},{"Username":"mamiem15","Display Name":"Mary","Creation Timestamp":"2014-12-24 14:03:02 UTC","Last Modified Timestamp":"2014-12-24 14:03:02 UTC","Source":"added by unknown"},{"Username":"felixrojasg","Display Name":"Felix Rojas G","Creation Timestamp":"2018-06-19 22:12:56 UTC","Last Modified Timestamp":"2018-06-19 22:12:56 UTC","Source":"added by added me back"},{"Username":"bricethabaker","Display Name":"Brice Baker","Creation Timestamp":"2016-12-16 04:13:11 UTC","Last Modified Timestamp":"2016-12-16 04:13:11 UTC","Source":"added by added me back"},{"Username":"emmpennington","Display Name":"Emily Pennington","Creation Timestamp":"2018-10-21 00:26:57 UTC","Last Modified Timestamp":"2018-10-21 00:26:57 UTC","Source":"added by added me back"},{"Username":"thomasthedull","Display Name":"Thomas Nguyen","Creation Timestamp":"2017-10-28 17:16:35 UTC","Last Modified Timestamp":"2017-10-28 17:16:35 UTC","Source":"added by suggested"},{"Username":"withstand","Display Name":"Eddy","Creation Timestamp":"2019-04-11 00:24:36 UTC","Last Modified Timestamp":"2019-04-11 00:24:36 UTC","Source":"added by shared username"},{"Username":"atabashoo","Display Name":"Matt T","Creation Timestamp":"2020-10-03 02:33:31 UTC","Last Modified Timestamp":"2020-10-03 02:33:31 UTC","Source":"added by added me back"},{"Username":"cameronar1717","Display Name":"Cameron Romero","Creation Timestamp":"2014-05-20 01:08:25 UTC","Last Modified Timestamp":"2014-05-20 01:08:25 UTC","Source":"added by unknown"},{"Username":"rockmountain22","Display Name":"rockmountain22","Creation Timestamp":"2017-04-10 22:01:34 UTC","Last Modified Timestamp":"2017-04-10 22:01:34 UTC","Source":"added by suggested"},{"Username":"mxxmikaxxm","Display Name":"Mika","Creation Timestamp":"2018-11-28 23:57:36 UTC","Last Modified Timestamp":"2018-11-28 23:57:36 UTC","Source":"added by added me back"},{"Username":"teamsnapchat","Display Name":"Team Snapchat","Creation Timestamp":"2013-08-26 15:10:39 UTC","Last Modified Timestamp":"2013-08-26 15:10:39 UTC","Source":"added by unknown"},{"Username":"rabieezz","Display Name":"rabez","Creation Timestamp":"2019-07-05 21:34:35 UTC","Last Modified Timestamp":"2019-07-05 21:34:35 UTC","Source":"added by added me back"},{"Username":"yennie_09","Display Name":"Yenifer","Creation Timestamp":"2016-10-04 00:21:48 UTC","Last Modified Timestamp":"2016-10-04 00:21:48 UTC","Source":"added by phone"},{"Username":"nlmbgashouse","Display Name":"VINO (new Snap)🔌","Creation Timestamp":"2022-01-12 15:26:41 UTC","Last Modified Timestamp":"2022-01-12 15:26:41 UTC","Source":"added by added me back"},{"Username":"gzylber","Display Name":"German","Creation Timestamp":"2019-04-19 04:22:26 UTC","Last Modified Timestamp":"2019-04-19 04:22:26 UTC","Source":"added by phone"},{"Username":"toxic_blood","Display Name":"harsh*^!","Creation Timestamp":"2021-09-12 04:38:50 UTC","Last Modified Timestamp":"2021-09-12 04:38:50 UTC","Source":"added by added me back"},{"Username":"beefmasterchris","Display Name":"Christian Aviles","Creation Timestamp":"2017-10-10 20:18:07 UTC","Last Modified Timestamp":"2017-10-10 20:18:07 UTC","Source":"added by suggested"},{"Username":"marqalex14","Display Name":"Alejandro","Creation Timestamp":"2016-06-29 04:35:55 UTC","Last Modified Timestamp":"2016-06-29 04:35:55 UTC","Source":"added by added me back"},{"Username":"ladylovebug97","Display Name":"Antara","Creation Timestamp":"2013-08-26 15:11:36 UTC","Last Modified Timestamp":"2013-08-26 15:11:36 UTC","Source":"added by unknown"},{"Username":"avithegoat","Display Name":"Avi","Creation Timestamp":"2014-12-24 14:02:59 UTC","Last Modified Timestamp":"2014-12-24 14:02:59 UTC","Source":"added by unknown"},{"Username":"rajatghosh93","Display Name":"rajat ghosh","Creation Timestamp":"2018-09-25 02:05:23 UTC","Last Modified Timestamp":"2018-09-25 02:05:23 UTC","Source":"added by added me back"},{"Username":"spacemandoobie2","Display Name":"MONEY💸HUNGRY🤑","Creation Timestamp":"2016-06-27 19:45:03 UTC","Last Modified Timestamp":"2016-06-27 19:45:03 UTC","Source":"added by added me back"},{"Username":"shawnshayde","Display Name":"Steven Lopez","Creation Timestamp":"2019-08-21 15:29:03 UTC","Last Modified Timestamp":"2019-08-21 15:29:03 UTC","Source":"added by added me back"},{"Username":"killedbykevin","Display Name":"Kevin","Creation Timestamp":"2013-08-26 15:11:20 UTC","Last Modified Timestamp":"2013-08-26 15:11:20 UTC","Source":"added by unknown"},{"Username":"jephe44","Display Name":"Jeph(fishy)","Creation Timestamp":"2018-04-04 02:08:51 UTC","Last Modified Timestamp":"2018-04-04 02:08:51 UTC","Source":"added by added me back"},{"Username":"bmk4eva","Display Name":"Bai","Creation Timestamp":"2014-02-05 02:58:56 UTC","Last Modified Timestamp":"2014-02-05 02:58:56 UTC","Source":"added by unknown"},{"Username":"lauren-stogner","Display Name":"Lauren Stogner","Creation Timestamp":"2019-05-17 14:45:56 UTC","Last Modified Timestamp":"2019-05-17 14:45:56 UTC","Source":"added by phone"},{"Username":"cocoloco04","Display Name":"mercedes barraza","Creation Timestamp":"2015-06-16 18:39:01 UTC","Last Modified Timestamp":"2015-06-16 18:39:01 UTC","Source":"added by username"},{"Username":"pablo8195","Display Name":"Pablo Lopez","Creation Timestamp":"2015-11-11 23:19:53 UTC","Last Modified Timestamp":"2015-11-11 23:19:53 UTC","Source":"added by added me back"},{"Username":"cowiw","Display Name":"sara","Creation Timestamp":"2022-04-19 02:37:12 UTC","Last Modified Timestamp":"2022-04-19 02:37:12 UTC","Source":"added by suggested"},{"Username":"chuckies-back","Display Name":"Charles Muchow","Creation Timestamp":"2017-01-21 20:53:03 UTC","Last Modified Timestamp":"2017-01-21 20:53:03 UTC","Source":"added by added me back"},{"Username":"luisgarcia244","Display Name":"Lu(is)","Creation Timestamp":"2018-09-26 02:05:03 UTC","Last Modified Timestamp":"2018-09-26 02:05:03 UTC","Source":"added by suggested"},{"Username":"smartinez03","Display Name":"Stephanie","Creation Timestamp":"2016-01-12 18:34:55 UTC","Last Modified Timestamp":"2016-01-12 18:34:55 UTC","Source":"added by added me back"},{"Username":"triippychlo","Display Name":"syd 💯","Creation Timestamp":"2018-04-04 02:08:52 UTC","Last Modified Timestamp":"2018-04-04 02:08:52 UTC","Source":"added by added me back"},{"Username":"yadielalamo","Display Name":"Yadiel Alamo","Creation Timestamp":"2016-08-24 01:56:58 UTC","Last Modified Timestamp":"2016-08-24 01:56:58 UTC","Source":"added by added me back"},{"Username":"iloveyoufiveeee","Display Name":"ife","Creation Timestamp":"2015-12-07 14:58:37 UTC","Last Modified Timestamp":"2015-12-07 14:58:37 UTC","Source":"added by added me back"},{"Username":"lcompean77","Display Name":"Lexi Compean","Creation Timestamp":"2018-05-12 14:27:56 UTC","Last Modified Timestamp":"2018-05-12 14:27:56 UTC","Source":"added by added me back"},{"Username":"sjselby95","Display Name":"Steven Selby","Creation Timestamp":"2016-06-27 19:44:43 UTC","Last Modified Timestamp":"2016-06-27 19:44:43 UTC","Source":"added by added me back"},{"Username":"savyisfunny","Display Name":"Sav ♥️🧡💛","Creation Timestamp":"2019-03-02 18:48:00 UTC","Last Modified Timestamp":"2019-03-02 18:48:00 UTC","Source":"added by added me back"},{"Username":"pandarawrmeow","Display Name":"Patricia","Creation Timestamp":"2013-08-26 15:11:14 UTC","Last Modified Timestamp":"2013-08-26 15:11:14 UTC","Source":"added by unknown"},{"Username":"lliamjames","Display Name":"Liam James","Creation Timestamp":"2019-02-28 03:49:54 UTC","Last Modified Timestamp":"2019-02-28 03:49:54 UTC","Source":"added by username"},{"Username":"jramos453","Display Name":"Julian","Creation Timestamp":"2015-04-13 02:18:53 UTC","Last Modified Timestamp":"2015-04-13 02:18:53 UTC","Source":"added by added me back"},{"Username":"marlalalalala","Display Name":"Mars","Creation Timestamp":"2017-08-14 01:21:05 UTC","Last Modified Timestamp":"2017-08-14 01:21:05 UTC","Source":"added by qr code"},{"Username":"courtneyisbrill","Display Name":"🦄courtney💕","Creation Timestamp":"2017-03-16 20:30:39 UTC","Last Modified Timestamp":"2017-03-16 20:30:39 UTC","Source":"added by added me back"},{"Username":"dogsand_donuts","Display Name":"Sydney Shalom","Creation Timestamp":"2016-08-11 04:08:14 UTC","Last Modified Timestamp":"2016-08-11 04:08:14 UTC","Source":"added by added me back"},{"Username":"ziggyc13","Display Name":"James Coffman","Creation Timestamp":"2019-01-03 04:41:55 UTC","Last Modified Timestamp":"2019-01-03 04:41:55 UTC","Source":"added by suggested"},{"Username":"kellyliang","Display Name":"Kelly","Creation Timestamp":"2015-10-12 23:01:34 UTC","Last Modified Timestamp":"2015-10-12 23:01:34 UTC","Source":"added by added me back"},{"Username":"nytro01234","Display Name":"Michael Reyes","Creation Timestamp":"2021-11-23 23:57:25 UTC","Last Modified Timestamp":"2021-11-23 23:57:25 UTC","Source":"added by added me back"},{"Username":"litzell98","Display Name":"Litzell","Creation Timestamp":"2013-11-15 12:33:21 UTC","Last Modified Timestamp":"2013-11-15 12:33:21 UTC","Source":"added by unknown"},{"Username":"luisnieto","Display Name":"Luis","Creation Timestamp":"2018-09-29 20:09:17 UTC","Last Modified Timestamp":"2018-09-29 20:09:17 UTC","Source":"added by qr code"},{"Username":"nofilter69","Display Name":"J.ust💪🏾R.ite","Creation Timestamp":"2018-06-19 22:12:58 UTC","Last Modified Timestamp":"2018-06-19 22:12:58 UTC","Source":"added by added me back"},{"Username":"kaylin35166","Display Name":"Kaylin","Creation Timestamp":"2013-10-13 00:31:13 UTC","Last Modified Timestamp":"2013-10-13 00:31:13 UTC","Source":"added by unknown"},{"Username":"jruiz526","Display Name":"Javi","Creation Timestamp":"2018-02-07 20:52:33 UTC","Last Modified Timestamp":"2018-02-07 20:52:33 UTC","Source":"added by added me back"},{"Username":"vedward47","Display Name":"Edward Villanueva","Creation Timestamp":"2016-11-12 23:43:57 UTC","Last Modified Timestamp":"2016-11-12 23:45:09 UTC","Source":"added by added me back"},{"Username":"danielluhh","Display Name":"Daniella Ramos","Creation Timestamp":"2013-08-26 15:11:32 UTC","Last Modified Timestamp":"2013-08-26 15:11:32 UTC","Source":"added by unknown"},{"Username":"jh0324423","Display Name":"Jesse Hoang","Creation Timestamp":"2022-06-28 19:28:55 UTC","Last Modified Timestamp":"2022-06-28 19:28:55 UTC","Source":"added by added me back"},{"Username":"tylervinson24","Display Name":"Tyler","Creation Timestamp":"2019-01-04 18:12:30 UTC","Last Modified Timestamp":"2019-01-04 18:12:30 UTC","Source":"added by username"},{"Username":"katie_craig101","Display Name":"Katie","Creation Timestamp":"2013-08-26 15:11:23 UTC","Last Modified Timestamp":"2013-08-26 15:11:23 UTC","Source":"added by unknown"},{"Username":"yo.soul","Display Name":"Michelle","Creation Timestamp":"2019-05-11 13:05:03 UTC","Last Modified Timestamp":"2019-05-11 13:05:03 UTC","Source":"added by added me back"},{"Username":"rey524526","Display Name":"","Creation Timestamp":"2016-11-18 06:21:40 UTC","Last Modified Timestamp":"2016-11-18 06:21:40 UTC","Source":"added by added me back"},{"Username":"burnerofstones","Display Name":"Trevor","Creation Timestamp":"2013-08-26 15:11:09 UTC","Last Modified Timestamp":"2013-08-26 15:11:09 UTC","Source":"added by unknown"},{"Username":"jmcmoon","Display Name":"Jordan","Creation Timestamp":"2015-04-19 01:12:24 UTC","Last Modified Timestamp":"2015-04-19 01:12:24 UTC","Source":"added by phone"},{"Username":"andielc","Display Name":"","Creation Timestamp":"2017-12-26 02:31:41 UTC","Last Modified Timestamp":"2017-12-26 02:31:41 UTC","Source":"added by added me back"},{"Username":"gazzar95","Display Name":"Omar","Creation Timestamp":"2019-05-17 15:02:07 UTC","Last Modified Timestamp":"2019-05-17 15:02:07 UTC","Source":"added by phone"},{"Username":"rileyykay12","Display Name":"Riley 😍💗","Creation Timestamp":"2018-11-28 23:57:29 UTC","Last Modified Timestamp":"2018-11-28 23:57:29 UTC","Source":"added by added me back"},{"Username":"lyssa_love01","Display Name":"Ally 👑","Creation Timestamp":"2016-03-26 18:38:05 UTC","Last Modified Timestamp":"2016-03-26 18:38:05 UTC","Source":"added by added me back"},{"Username":"ijimmy717","Display Name":"Jimmy Tran","Creation Timestamp":"2019-07-29 00:27:47 UTC","Last Modified Timestamp":"2019-07-29 00:27:47 UTC","Source":"added by added me back"},{"Username":"anna_arlle","Display Name":"Anna","Creation Timestamp":"2019-09-04 03:07:28 UTC","Last Modified Timestamp":"2019-09-04 03:07:28 UTC","Source":"added by added me back"},{"Username":"fluentlymute","Display Name":"Austin","Creation Timestamp":"2015-05-16 02:43:18 UTC","Last Modified Timestamp":"2015-05-16 02:43:18 UTC","Source":"added by added me back"},{"Username":"dlnzins","Display Name":"","Creation Timestamp":"2016-06-27 19:44:38 UTC","Last Modified Timestamp":"2016-06-27 19:44:38 UTC","Source":"added by added me back"},{"Username":"chchchavez1","Display Name":"chchchavez","Creation Timestamp":"2015-11-14 21:20:44 UTC","Last Modified Timestamp":"2015-11-14 21:20:44 UTC","Source":"added by added me back"},{"Username":"madrains","Display Name":"Madison","Creation Timestamp":"2013-08-26 15:10:39 UTC","Last Modified Timestamp":"2013-08-26 15:10:39 UTC","Source":"added by unknown"},{"Username":"j0nib0y","Display Name":"Jonathan","Creation Timestamp":"2016-09-04 03:40:29 UTC","Last Modified Timestamp":"2016-09-04 03:40:29 UTC","Source":"added by username"},{"Username":"jhonda","Display Name":"JhOnDA😈","Creation Timestamp":"2016-06-27 19:44:53 UTC","Last Modified Timestamp":"2016-06-27 19:44:53 UTC","Source":"added by added me back"},{"Username":"jmadera724","Display Name":"Julian Madera","Creation Timestamp":"2017-04-08 19:26:51 UTC","Last Modified Timestamp":"2017-04-08 19:26:51 UTC","Source":"added by qr code"},{"Username":"bfiler97","Display Name":"Brandon","Creation Timestamp":"2015-11-06 01:52:14 UTC","Last Modified Timestamp":"2015-11-06 01:52:14 UTC","Source":"added by phone"},{"Username":"tinanguyen8187","Display Name":"Tina Nguyen","Creation Timestamp":"2016-11-10 17:44:15 UTC","Last Modified Timestamp":"2016-11-10 17:44:15 UTC","Source":"added by added me back"},{"Username":"maryrae126","Display Name":"Marilyn","Creation Timestamp":"2015-11-02 08:36:29 UTC","Last Modified Timestamp":"2015-11-02 08:36:29 UTC","Source":"added by added me back"},{"Username":"arely23ramirez","Display Name":"Arely","Creation Timestamp":"2015-03-20 18:13:14 UTC","Last Modified Timestamp":"2015-03-20 18:13:14 UTC","Source":"added by added me back"},{"Username":"damn_pat","Display Name":"Osiris🧟‍♂️","Creation Timestamp":"2019-08-02 22:38:48 UTC","Last Modified Timestamp":"2019-08-02 22:38:48 UTC","Source":"added by added me back"},{"Username":"ejime666","Display Name":"Elijah","Creation Timestamp":"2014-12-24 14:02:33 UTC","Last Modified Timestamp":"2014-12-24 14:02:33 UTC","Source":"added by unknown"},{"Username":"g_skellington93","Display Name":"Gladdys","Creation Timestamp":"2014-12-24 14:02:37 UTC","Last Modified Timestamp":"2014-12-24 14:02:37 UTC","Source":"added by unknown"},{"Username":"mckeown380","Display Name":"Matt","Creation Timestamp":"2016-11-18 00:12:22 UTC","Last Modified Timestamp":"2016-11-18 00:12:22 UTC","Source":"added by added me back"},{"Username":"mackenzie.gus","Display Name":"Makinzie","Creation Timestamp":"2013-08-26 15:11:19 UTC","Last Modified Timestamp":"2013-08-26 15:11:19 UTC","Source":"added by unknown"},{"Username":"ceciiiee","Display Name":"Cecilia Martinez","Creation Timestamp":"2013-12-28 00:23:08 UTC","Last Modified Timestamp":"2013-12-28 00:23:08 UTC","Source":"added by unknown"},{"Username":"jedimaster_69","Display Name":"Storm Trooper (amanda)","Creation Timestamp":"2016-05-24 13:33:14 UTC","Last Modified Timestamp":"2016-05-24 13:33:14 UTC","Source":"added by added me back"},{"Username":"chrissyduhhh","Display Name":"Chrissy 🌸","Creation Timestamp":"2016-03-21 01:40:25 UTC","Last Modified Timestamp":"2016-03-21 01:40:25 UTC","Source":"added by qr code"},{"Username":"darthzahc","Display Name":"Chaz","Creation Timestamp":"2013-11-22 05:15:33 UTC","Last Modified Timestamp":"2013-11-22 05:15:33 UTC","Source":"added by unknown"},{"Username":"cristinav26","Display Name":"Cristina Mi Mormon","Creation Timestamp":"2016-03-06 03:41:23 UTC","Last Modified Timestamp":"2016-03-06 03:41:23 UTC","Source":"added by added me back"},{"Username":"vermilionv","Display Name":"Vermilion","Creation Timestamp":"2016-11-30 02:18:18 UTC","Last Modified Timestamp":"2016-11-30 02:18:18 UTC","Source":"added by suggested"},{"Username":"chelsea_92197","Display Name":"Chelsea","Creation Timestamp":"2014-02-06 14:31:53 UTC","Last Modified Timestamp":"2014-02-06 14:31:53 UTC","Source":"added by unknown"},{"Username":"aarohi0507","Display Name":"Aarohi","Creation Timestamp":"2015-11-22 05:36:27 UTC","Last Modified Timestamp":"2015-11-22 05:36:27 UTC","Source":"added by added me back"},{"Username":"maurothegreat44","Display Name":"","Creation Timestamp":"2016-06-27 19:44:55 UTC","Last Modified Timestamp":"2016-06-27 19:44:55 UTC","Source":"added by added me back"},{"Username":"larsenveldman","Display Name":"Larsen Veldman","Creation Timestamp":"2018-09-10 23:02:14 UTC","Last Modified Timestamp":"2018-09-10 23:02:14 UTC","Source":"added by added me back"},{"Username":"laurajs14","Display Name":"Laura!!","Creation Timestamp":"2016-03-26 18:38:08 UTC","Last Modified Timestamp":"2016-03-26 18:38:08 UTC","Source":"added by added me back"},{"Username":"leiijah","Display Name":"Elijah","Creation Timestamp":"2019-01-05 06:09:12 UTC","Last Modified Timestamp":"2019-01-05 06:09:12 UTC","Source":"added by added me back"},{"Username":"sharkcat666","Display Name":"Clari$$a","Creation Timestamp":"2017-03-25 02:29:02 UTC","Last Modified Timestamp":"2017-03-25 02:29:02 UTC","Source":"added by added me back"},{"Username":"nnaattee_n","Display Name":"Nate","Creation Timestamp":"2015-06-09 22:03:06 UTC","Last Modified Timestamp":"2015-06-09 22:03:06 UTC","Source":"added by added me back"},{"Username":"kenkw19","Display Name":"Ken Wei","Creation Timestamp":"2016-10-30 05:09:13 UTC","Last Modified Timestamp":"2016-10-30 05:09:13 UTC","Source":"added by added me back"},{"Username":"youfoundjen","Display Name":"Jen🌼","Creation Timestamp":"2022-02-26 05:19:27 UTC","Last Modified Timestamp":"2022-02-26 05:19:27 UTC","Source":"added by added me back"},{"Username":"missb9803","Display Name":"Brenda Tejada","Creation Timestamp":"2016-07-20 03:51:17 UTC","Last Modified Timestamp":"2016-07-20 03:51:17 UTC","Source":"added by added me back"},{"Username":"pr0bl3mch1ld666","Display Name":"Timley ","Creation Timestamp":"2018-01-22 16:39:04 UTC","Last Modified Timestamp":"2018-01-22 16:39:04 UTC","Source":"added by suggested"},{"Username":"marylizardo","Display Name":"Mary Fuel","Creation Timestamp":"2017-12-26 02:31:49 UTC","Last Modified Timestamp":"2017-12-26 02:31:49 UTC","Source":"added by added me back"},{"Username":"mayco_vazquez","Display Name":"Maycovasquez","Creation Timestamp":"2016-06-19 23:52:50 UTC","Last Modified Timestamp":"2016-06-19 23:52:50 UTC","Source":"added by qr code"},{"Username":"jasonleeds3","Display Name":"Jason","Creation Timestamp":"2013-08-26 15:11:25 UTC","Last Modified Timestamp":"2013-08-26 15:11:25 UTC","Source":"added by unknown"},{"Username":"koilou","Display Name":"loic Cld","Creation Timestamp":"2019-09-07 17:01:45 UTC","Last Modified Timestamp":"2019-09-07 17:01:45 UTC","Source":"added by added me back"},{"Username":"matrixdru","Display Name":"Dru 💪🏾😏","Creation Timestamp":"2021-09-12 04:38:50 UTC","Last Modified Timestamp":"2021-09-12 04:38:50 UTC","Source":"added by added me back"},{"Username":"dontbewasteful","Display Name":"Tyler","Creation Timestamp":"2016-06-27 19:45:03 UTC","Last Modified Timestamp":"2016-06-27 19:45:03 UTC","Source":"added by added me back"},{"Username":"alicia_selvera","Display Name":"Alicia","Creation Timestamp":"2013-11-22 05:16:09 UTC","Last Modified Timestamp":"2013-11-22 05:16:09 UTC","Source":"added by unknown"},{"Username":"lovenickisbutt","Display Name":"Jonathan🤠","Creation Timestamp":"2017-10-11 22:06:24 UTC","Last Modified Timestamp":"2017-10-11 22:06:24 UTC","Source":"added by suggested"},{"Username":"jvazquez156","Display Name":"JVazquez","Creation Timestamp":"2016-06-27 19:45:04 UTC","Last Modified Timestamp":"2016-06-27 19:45:04 UTC","Source":"added by added me back"},{"Username":"lameforeign","Display Name":"Morgan Whitley","Creation Timestamp":"2017-04-04 14:45:04 UTC","Last Modified Timestamp":"2017-04-04 14:45:04 UTC","Source":"added by added me back"},{"Username":"lustrous_gemini","Display Name":"Silver Gonzalez","Creation Timestamp":"2016-04-19 04:34:16 UTC","Last Modified Timestamp":"2016-04-19 04:34:16 UTC","Source":"added by phone"},{"Username":"teeeggy","Display Name":"Teagan","Creation Timestamp":"2019-07-22 20:18:03 UTC","Last Modified Timestamp":"2019-07-22 20:18:03 UTC","Source":"added by suggested"},{"Username":"nico_meade98","Display Name":"Bracelessface Meade","Creation Timestamp":"2016-11-30 02:18:13 UTC","Last Modified Timestamp":"2016-11-30 02:18:13 UTC","Source":"added by suggested"},{"Username":"nicomichel123","Display Name":"Nico","Creation Timestamp":"2016-11-30 02:18:28 UTC","Last Modified Timestamp":"2016-11-30 02:18:28 UTC","Source":"added by suggested"},{"Username":"mariopineda11","Display Name":"Mario Pineda ⚡","Creation Timestamp":"2017-08-13 13:41:41 UTC","Last Modified Timestamp":"2017-08-13 13:41:41 UTC","Source":"added by added me back"},{"Username":"uglyalby","Display Name":"Albert Vu","Creation Timestamp":"2017-06-01 05:03:43 UTC","Last Modified Timestamp":"2017-06-01 05:03:43 UTC","Source":"added by added me back"},{"Username":"willhelmund","Display Name":"Guillermo","Creation Timestamp":"2016-12-25 03:37:01 UTC","Last Modified Timestamp":"2016-12-25 03:37:01 UTC","Source":"added by added me back"},{"Username":"lizzyfb","Display Name":"","Creation Timestamp":"2013-10-07 22:26:35 UTC","Last Modified Timestamp":"2013-10-07 22:26:35 UTC","Source":"added by unknown"},{"Username":"kenia_nic","Display Name":"Kenia Nicolas","Creation Timestamp":"2017-07-23 20:30:01 UTC","Last Modified Timestamp":"2017-07-23 20:30:01 UTC","Source":"added by added me back"},{"Username":"georgiapeach111","Display Name":"Georgia","Creation Timestamp":"2014-03-16 15:03:30 UTC","Last Modified Timestamp":"2016-07-02 17:49:57 UTC","Source":"added by username"},{"Username":"whadddupbee","Display Name":"Belen","Creation Timestamp":"2014-12-24 14:02:21 UTC","Last Modified Timestamp":"2014-12-24 14:02:21 UTC","Source":"added by unknown"},{"Username":"michellebelle2","Display Name":"Michelle Barr-meyer","Creation Timestamp":"2013-08-26 15:11:15 UTC","Last Modified Timestamp":"2013-08-26 15:11:15 UTC","Source":"added by unknown"},{"Username":"cornelis_dn","Display Name":"Cornelis","Creation Timestamp":"2021-02-25 21:03:34 UTC","Last Modified Timestamp":"2021-02-25 21:03:34 UTC","Source":"added by added me back"},{"Username":"ciriloramir1545","Display Name":"Jonothan Ramirez","Creation Timestamp":"2020-02-21 03:58:51 UTC","Last Modified Timestamp":"2020-02-21 03:58:51 UTC","Source":"added by username"},{"Username":"honrndog711","Display Name":"I Tap That 123","Creation Timestamp":"2016-12-07 19:07:59 UTC","Last Modified Timestamp":"2016-12-07 19:07:59 UTC","Source":"added by added me back"},{"Username":"mattlong98","Display Name":"Matt Long","Creation Timestamp":"2016-04-19 04:34:53 UTC","Last Modified Timestamp":"2016-04-19 04:34:53 UTC","Source":"added by username"},{"Username":"brandontighe10","Display Name":"Brandon Tighe","Creation Timestamp":"2020-11-19 02:58:28 UTC","Last Modified Timestamp":"2020-11-19 02:58:28 UTC","Source":"added by username"},{"Username":"lfrt9","Display Name":"Lucas Frt","Creation Timestamp":"2016-11-05 04:43:40 UTC","Last Modified Timestamp":"2016-11-05 04:43:40 UTC","Source":"added by added me back"},{"Username":"j0urneybegins","Display Name":"Island Girl 🌴","Creation Timestamp":"2013-10-13 00:31:10 UTC","Last Modified Timestamp":"2013-10-13 00:31:10 UTC","Source":"added by unknown"},{"Username":"princess.jordan","Display Name":"Jordan Rivera","Creation Timestamp":"2017-02-11 01:56:53 UTC","Last Modified Timestamp":"2017-02-11 01:56:53 UTC","Source":"added by added me back"},{"Username":"b-rabbit2","Display Name":"Barron","Creation Timestamp":"2016-07-04 21:01:29 UTC","Last Modified Timestamp":"2016-07-04 21:01:29 UTC","Source":"added by added me back"},{"Username":"raikon_chem","Display Name":"Chris Luman","Creation Timestamp":"2016-06-27 19:44:28 UTC","Last Modified Timestamp":"2016-06-27 19:44:28 UTC","Source":"added by added me back"},{"Username":"janiahrox1","Display Name":"Janiah","Creation Timestamp":"2013-09-20 04:33:15 UTC","Last Modified Timestamp":"2013-09-20 04:33:15 UTC","Source":"added by unknown"},{"Username":"jd4sho","Display Name":"Holmes","Creation Timestamp":"2016-10-29 23:48:03 UTC","Last Modified Timestamp":"2016-10-29 23:48:03 UTC","Source":"added by added me back"},{"Username":"arielleterk","Display Name":"Arielle","Creation Timestamp":"2013-10-20 20:04:58 UTC","Last Modified Timestamp":"2013-10-20 20:04:58 UTC","Source":"added by unknown"},{"Username":"jelygat0r","Display Name":"Jade","Creation Timestamp":"2014-02-25 03:40:10 UTC","Last Modified Timestamp":"2014-02-25 03:40:10 UTC","Source":"added by unknown"},{"Username":"country_bae28","Display Name":"Madison🍁🔥💨","Creation Timestamp":"2017-03-08 04:03:29 UTC","Last Modified Timestamp":"2017-03-08 04:03:29 UTC","Source":"added by username"},{"Username":"lillykoteras","Display Name":"Lilly Koteras","Creation Timestamp":"2020-10-22 17:34:37 UTC","Last Modified Timestamp":"2020-10-22 17:34:37 UTC","Source":"added by added me back"},{"Username":"jlevine7777","Display Name":"Jonah Levine","Creation Timestamp":"2017-07-16 13:22:08 UTC","Last Modified Timestamp":"2017-07-16 13:22:08 UTC","Source":"added by added me back"},{"Username":"meggan3314","Display Name":"megan","Creation Timestamp":"2017-01-23 22:45:17 UTC","Last Modified Timestamp":"2017-01-23 22:45:17 UTC","Source":"added by qr code"},{"Username":"r.chedid1","Display Name":"Roy Chedid","Creation Timestamp":"2019-05-21 17:17:41 UTC","Last Modified Timestamp":"2019-05-21 17:17:41 UTC","Source":"added by username"},{"Username":"oleeoli","Display Name":"O L","Creation Timestamp":"2018-11-28 23:57:31 UTC","Last Modified Timestamp":"2018-11-28 23:57:31 UTC","Source":"added by added me back"},{"Username":"falco_69","Display Name":"Jesus","Creation Timestamp":"2016-06-27 19:44:41 UTC","Last Modified Timestamp":"2016-06-27 19:44:41 UTC","Source":"added by added me back"},{"Username":"alsnmail","Display Name":"Alison","Creation Timestamp":"2013-08-26 15:10:50 UTC","Last Modified Timestamp":"2013-08-26 15:10:50 UTC","Source":"added by unknown"},{"Username":"rehan0987","Display Name":"Rehan","Creation Timestamp":"2022-04-19 02:38:30 UTC","Last Modified Timestamp":"2022-04-19 02:38:30 UTC","Source":"added by username"},{"Username":"kdeleon15","Display Name":"Karen","Creation Timestamp":"2015-06-24 19:32:04 UTC","Last Modified Timestamp":"2015-06-24 19:32:04 UTC","Source":"added by added me back"},{"Username":"gabby_8913","Display Name":"Gabby_8789","Creation Timestamp":"2015-08-10 03:58:25 UTC","Last Modified Timestamp":"2015-08-10 03:58:25 UTC","Source":"added by qr code"},{"Username":"jakio97","Display Name":"Jakie","Creation Timestamp":"2013-08-26 15:11:26 UTC","Last Modified Timestamp":"2013-08-26 15:11:26 UTC","Source":"added by unknown"},{"Username":"tchroni","Display Name":"Tessa","Creation Timestamp":"2016-09-17 04:25:44 UTC","Last Modified Timestamp":"2016-09-17 04:25:44 UTC","Source":"added by added me back"},{"Username":"bvecera","Display Name":"BV","Creation Timestamp":"2016-11-12 19:25:02 UTC","Last Modified Timestamp":"2016-11-12 19:25:02 UTC","Source":"added by added me back"},{"Username":"chasemcduffy","Display Name":"Chase","Creation Timestamp":"2015-03-31 01:49:00 UTC","Last Modified Timestamp":"2015-03-31 01:49:00 UTC","Source":"added by phone"},{"Username":"mrskellin_quinn","Display Name":"Elizabeth","Creation Timestamp":"2020-01-31 22:34:58 UTC","Last Modified Timestamp":"2020-01-31 22:34:58 UTC","Source":"added by added me back"},{"Username":"breadventurine","Display Name":"Brianna Bowler","Creation Timestamp":"2017-12-26 02:31:42 UTC","Last Modified Timestamp":"2017-12-26 02:31:42 UTC","Source":"added by added me back"},{"Username":"nameis_alex","Display Name":"Alrx","Creation Timestamp":"2016-01-14 03:20:31 UTC","Last Modified Timestamp":"2016-01-14 03:20:31 UTC","Source":"added by phone"},{"Username":"pmiguelrp","Display Name":"Pedro","Creation Timestamp":"2017-06-29 03:12:19 UTC","Last Modified Timestamp":"2017-06-29 03:12:19 UTC","Source":"added by phone"},{"Username":"hunterholliday5","Display Name":"Hunter 🦁","Creation Timestamp":"2021-09-12 04:38:51 UTC","Last Modified Timestamp":"2021-09-12 04:38:51 UTC","Source":"added by added me back"},{"Username":"cosimo00","Display Name":"","Creation Timestamp":"2016-02-13 03:30:15 UTC","Last Modified Timestamp":"2016-02-13 03:30:15 UTC","Source":"added by added me back"},{"Username":"helixopterrr","Display Name":"Steven","Creation Timestamp":"2015-11-30 02:38:14 UTC","Last Modified Timestamp":"2015-11-30 02:38:14 UTC","Source":"added by phone"},{"Username":"ninagirl14","Display Name":"Nina","Creation Timestamp":"2014-04-06 00:23:36 UTC","Last Modified Timestamp":"2014-04-06 00:23:36 UTC","Source":"added by unknown"},{"Username":"sam.sensei","Display Name":"Samurdhi 💖","Creation Timestamp":"2019-10-31 18:23:52 UTC","Last Modified Timestamp":"2019-10-31 18:23:52 UTC","Source":"added by added me back"},{"Username":"leslieadelin","Display Name":"Leslie","Creation Timestamp":"2015-11-11 12:31:02 UTC","Last Modified Timestamp":"2015-11-11 12:31:02 UTC","Source":"added by added me back"},{"Username":"zalexis12","Display Name":"","Creation Timestamp":"2015-04-02 18:13:22 UTC","Last Modified Timestamp":"2015-04-02 18:13:22 UTC","Source":"added by qr code"},{"Username":"oliviuxqqaemrll","Display Name":"","Creation Timestamp":"2014-12-15 00:37:18 UTC","Last Modified Timestamp":"2014-12-15 00:37:18 UTC","Source":"added by unknown"},{"Username":"bekj0","Display Name":"Bekah Jo","Creation Timestamp":"2019-08-30 14:53:28 UTC","Last Modified Timestamp":"2019-08-30 14:53:28 UTC","Source":"added by added me back"},{"Username":"yo.blah","Display Name":"Mika Meissner","Creation Timestamp":"2019-05-21 16:49:12 UTC","Last Modified Timestamp":"2019-05-21 16:49:12 UTC","Source":"added by added me back"},{"Username":"silentartist101","Display Name":"Chidie","Creation Timestamp":"2015-03-31 01:48:59 UTC","Last Modified Timestamp":"2015-03-31 01:48:59 UTC","Source":"added by phone"},{"Username":"stardust09137","Display Name":"Rachel Lawson","Creation Timestamp":"2017-07-12 14:52:03 UTC","Last Modified Timestamp":"2017-07-12 14:52:03 UTC","Source":"added by added me back"}],"Friend Requests Sent":[{"Username":"darienn15","Display Name":"Darien","Creation Timestamp":"2015-08-02 13:21:48 UTC","Last Modified Timestamp":"2015-08-02 13:21:48 UTC","Source":"added by added me back"},{"Username":"albertkg","Display Name":"Albertkg","Creation Timestamp":"2019-01-03 04:36:43 UTC","Last Modified Timestamp":"2019-01-03 05:09:19 UTC","Source":"added by username"},{"Username":"nolanjcass","Display Name":"nolanjcass","Creation Timestamp":"2016-07-13 03:28:13 UTC","Last Modified Timestamp":"2016-07-13 03:28:13 UTC","Source":"added by added me back"},{"Username":"daytona-m","Display Name":"Dayton M","Creation Timestamp":"2016-06-27 19:44:39 UTC","Last Modified Timestamp":"2016-06-27 19:44:39 UTC","Source":"added by added me back"},{"Username":"rjay_123","Display Name":"Rjay Munoz","Creation Timestamp":"2016-01-14 03:19:54 UTC","Last Modified Timestamp":"2016-01-14 03:19:54 UTC","Source":"added by username"},{"Username":"esmi.pancha","Display Name":"Anais Gutierrez","Creation Timestamp":"2013-08-26 15:11:38 UTC","Last Modified Timestamp":"2013-08-26 15:11:38 UTC","Source":"added by unknown"},{"Username":"mellowyellow17","Display Name":"Stacy","Creation Timestamp":"2017-12-26 03:14:57 UTC","Last Modified Timestamp":"2022-04-01 13:47:44 UTC","Source":"added by added me back"},{"Username":"fer_cruzz96","Display Name":"Jenifer Cruz","Creation Timestamp":"2017-02-11 01:55:47 UTC","Last Modified Timestamp":"2017-02-11 01:55:47 UTC","Source":"added by qr code"},{"Username":"carsonell1","Display Name":"Carson","Creation Timestamp":"2016-08-25 15:33:22 UTC","Last Modified Timestamp":"2016-08-25 15:33:22 UTC","Source":"added by added me back"},{"Username":"jonathan_deng08","Display Name":"Joanatahan","Creation Timestamp":"2019-04-19 04:25:57 UTC","Last Modified Timestamp":"2019-04-19 04:25:57 UTC","Source":"added by suggested"},{"Username":"finnthesubhuman","Display Name":"","Creation Timestamp":"2015-10-26 21:18:30 UTC","Last Modified Timestamp":"2020-11-24 19:13:02 UTC","Source":"added by added me back"},{"Username":"jt123","Display Name":"Justyn","Creation Timestamp":"2021-10-09 17:24:25 UTC","Last Modified Timestamp":"2022-07-29 03:02:42 UTC","Source":"added by deep link"},{"Username":"ifunnymemes","Display Name":"iFunny :)","Creation Timestamp":"2017-06-18 19:31:42 UTC","Last Modified Timestamp":"2017-06-18 19:31:42 UTC","Source":"added by shared story"},{"Username":"simbathuglyfe","Display Name":"Samuel👳🏾✊🏾😏","Creation Timestamp":"2016-06-27 19:44:43 UTC","Last Modified Timestamp":"2016-06-27 19:44:43 UTC","Source":"added by added me back"},{"Username":"reed.merritt","Display Name":"Reed Merritt","Creation Timestamp":"2019-05-18 18:59:03 UTC","Last Modified Timestamp":"2019-07-08 17:21:56 UTC","Source":"added by username"},{"Username":"diegolupe91","Display Name":"kamila","Creation Timestamp":"2017-10-11 22:06:46 UTC","Last Modified Timestamp":"2017-10-11 22:06:46 UTC","Source":"added by suggested"},{"Username":"minervaandina","Display Name":"Minerva","Creation Timestamp":"2013-11-22 05:15:46 UTC","Last Modified Timestamp":"2021-05-27 04:42:23 UTC","Source":"added by unknown"},{"Username":"scorchess17","Display Name":"Mariah Alexander","Creation Timestamp":"2017-05-18 17:11:27 UTC","Last Modified Timestamp":"2017-05-18 17:11:27 UTC","Source":"added by added me back"},{"Username":"maddie112358","Display Name":"Maddie👌","Creation Timestamp":"2015-09-19 00:03:46 UTC","Last Modified Timestamp":"2015-09-19 00:03:46 UTC","Source":"added by added me back"},{"Username":"seanthebom","Display Name":"It Is I","Creation Timestamp":"2016-06-27 19:44:45 UTC","Last Modified Timestamp":"2021-07-18 19:38:00 UTC","Source":"added by added me back"},{"Username":"mjackson23","Display Name":"Mercedes Jackson","Creation Timestamp":"2016-10-04 00:21:46 UTC","Last Modified Timestamp":"2021-11-21 00:10:35 UTC","Source":"added by phone"},{"Username":"aj12canales","Display Name":"","Creation Timestamp":"2016-06-27 19:44:37 UTC","Last Modified Timestamp":"2016-06-27 19:44:37 UTC","Source":"added by added me back"},{"Username":"bennettj987","Display Name":"Bennett Johnson","Creation Timestamp":"2015-02-18 23:41:04 UTC","Last Modified Timestamp":"2015-02-18 23:41:04 UTC","Source":"added by unknown"},{"Username":"swiftkicktothed","Display Name":"Tyler","Creation Timestamp":"2013-08-26 15:11:07 UTC","Last Modified Timestamp":"2013-08-26 15:11:07 UTC","Source":"added by unknown"},{"Username":"dr_abijoud","Display Name":"Elie","Creation Timestamp":"2015-05-16 02:43:19 UTC","Last Modified Timestamp":"2021-03-27 19:28:06 UTC","Source":"added by added me back"},{"Username":"alexperez12","Display Name":"Alex","Creation Timestamp":"2016-11-16 17:39:18 UTC","Last Modified Timestamp":"2016-11-16 17:39:18 UTC","Source":"added by added me back"},{"Username":"shelby_renee175","Display Name":"","Creation Timestamp":"2013-09-05 00:22:27 UTC","Last Modified Timestamp":"2013-09-05 00:22:27 UTC","Source":"added by unknown"},{"Username":"cotaizvenom","Display Name":"Cota","Creation Timestamp":"2016-07-15 16:21:21 UTC","Last Modified Timestamp":"2020-07-15 01:26:35 UTC","Source":"added by added me back"},{"Username":"chase-meinert","Display Name":"Chase","Creation Timestamp":"2020-02-17 05:40:23 UTC","Last Modified Timestamp":"2020-05-22 23:46:03 UTC","Source":"added by added me back"},{"Username":"cloudrazrs","Display Name":"","Creation Timestamp":"2013-12-24 22:34:06 UTC","Last Modified Timestamp":"2013-12-24 22:34:06 UTC","Source":"added by unknown"},{"Username":"nevercashedtx","Display Name":"Dillonphillips","Creation Timestamp":"2016-06-27 19:44:59 UTC","Last Modified Timestamp":"2020-08-22 18:19:33 UTC","Source":"added by added me back"},{"Username":"riordan.k","Display Name":"Riordan","Creation Timestamp":"2015-04-02 18:10:17 UTC","Last Modified Timestamp":"2015-04-02 18:10:17 UTC","Source":"added by qr code"},{"Username":"davianthule","Display Name":"","Creation Timestamp":"2016-03-21 01:43:16 UTC","Last Modified Timestamp":"2016-03-21 01:43:16 UTC","Source":"added by added me back"},{"Username":"nandooowhatt","Display Name":"Fernando 🐉","Creation Timestamp":"2016-05-29 05:02:50 UTC","Last Modified Timestamp":"2016-05-29 05:02:50 UTC","Source":"added by added me back"},{"Username":"tess.t6","Display Name":"Tess","Creation Timestamp":"2017-06-06 14:06:08 UTC","Last Modified Timestamp":"2021-03-05 05:36:08 UTC","Source":"added by added me back"},{"Username":"nick_nya","Display Name":"","Creation Timestamp":"2014-12-29 16:57:45 UTC","Last Modified Timestamp":"2014-12-29 16:57:45 UTC","Source":"added by unknown"},{"Username":"omar_rahman","Display Name":"Bromar","Creation Timestamp":"2016-07-17 04:00:08 UTC","Last Modified Timestamp":"2016-07-17 04:00:08 UTC","Source":"added by added me back"},{"Username":"samaymay1","Display Name":"Sam Rugby","Creation Timestamp":"2015-12-05 16:45:54 UTC","Last Modified Timestamp":"2015-12-05 16:45:54 UTC","Source":"added by phone"},{"Username":"karambulaa","Display Name":"Kim☯","Creation Timestamp":"2016-05-20 22:16:49 UTC","Last Modified Timestamp":"2019-07-11 01:44:47 UTC","Source":"added by nearby"},{"Username":"rachellkelly29","Display Name":"Rachel","Creation Timestamp":"2016-01-05 03:11:49 UTC","Last Modified Timestamp":"2016-01-05 03:11:49 UTC","Source":"added by phone"},{"Username":"gwitty123","Display Name":"Sister Gwennith✝️","Creation Timestamp":"2019-10-25 22:02:05 UTC","Last Modified Timestamp":"2022-06-27 00:43:27 UTC","Source":"added by added me back"},{"Username":"rcckii","Display Name":"Ricky","Creation Timestamp":"2017-02-14 14:15:30 UTC","Last Modified Timestamp":"2017-02-14 14:15:30 UTC","Source":"added by username"},{"Username":"emiliee27","Display Name":"Emily s","Creation Timestamp":"2013-11-23 00:27:35 UTC","Last Modified Timestamp":"2013-11-23 00:27:35 UTC","Source":"added by unknown"},{"Username":"aqua-lune","Display Name":"Isabela","Creation Timestamp":"2018-04-04 02:08:51 UTC","Last Modified Timestamp":"2020-02-27 00:37:24 UTC","Source":"added by added me back"},{"Username":"lodii_18","Display Name":"Lodi","Creation Timestamp":"2014-02-05 02:59:04 UTC","Last Modified Timestamp":"2014-02-05 02:59:04 UTC","Source":"added by unknown"},{"Username":"brknkrmz","Display Name":"Berkan","Creation Timestamp":"2016-12-29 16:53:23 UTC","Last Modified Timestamp":"2019-09-20 10:13:22 UTC","Source":"added by added me back"},{"Username":"sandra123.g1","Display Name":"Anna","Creation Timestamp":"2019-04-19 04:22:04 UTC","Last Modified Timestamp":"2019-04-19 04:22:04 UTC","Source":"added by phone"},{"Username":"theone7511","Display Name":"Kurt Jugo","Creation Timestamp":"2019-05-17 14:45:56 UTC","Last Modified Timestamp":"2019-05-17 14:45:56 UTC","Source":"added by phone"},{"Username":"bowbow2504","Display Name":"Bow","Creation Timestamp":"2019-04-19 04:22:08 UTC","Last Modified Timestamp":"2019-04-19 04:22:08 UTC","Source":"added by phone"},{"Username":"dark2edge","Display Name":"Luis  Biotech","Creation Timestamp":"2022-04-19 02:37:14 UTC","Last Modified Timestamp":"2022-06-24 00:52:33 UTC","Source":"added by suggested"},{"Username":"sirenfall714k","Display Name":"Sirenfall","Creation Timestamp":"2016-06-27 19:44:28 UTC","Last Modified Timestamp":"2020-11-02 18:56:52 UTC","Source":"added by added me back"},{"Username":"broccolicon","Display Name":"jack morillo","Creation Timestamp":"2019-07-06 08:35:12 UTC","Last Modified Timestamp":"2019-07-06 08:35:12 UTC","Source":"added by suggested"},{"Username":"zach_potter97","Display Name":"Zach","Creation Timestamp":"2017-03-12 03:57:04 UTC","Last Modified Timestamp":"2017-03-12 03:57:04 UTC","Source":"added by added me back"},{"Username":"marvenakoury","Display Name":"Marven Akoury","Creation Timestamp":"2016-08-11 04:08:15 UTC","Last Modified Timestamp":"2016-08-11 04:08:15 UTC","Source":"added by added me back"},{"Username":"kcii","Display Name":"Parker Woods-Wilson","Creation Timestamp":"2016-06-27 19:44:34 UTC","Last Modified Timestamp":"2016-06-27 19:44:34 UTC","Source":"added by added me back"},{"Username":"gunbax","Display Name":"Gunther","Creation Timestamp":"2014-02-25 03:39:57 UTC","Last Modified Timestamp":"2021-01-07 18:35:22 UTC","Source":"added by unknown"},{"Username":"brandonbf8","Display Name":"Brandon","Creation Timestamp":"2017-02-25 05:05:30 UTC","Last Modified Timestamp":"2017-02-25 05:05:30 UTC","Source":"added by added me back"},{"Username":"vivster17","Display Name":"","Creation Timestamp":"2015-02-13 21:36:09 UTC","Last Modified Timestamp":"2019-07-22 04:24:36 UTC","Source":"added by unknown"},{"Username":"desto.96","Display Name":"Destinyy","Creation Timestamp":"2017-01-04 05:40:48 UTC","Last Modified Timestamp":"2022-08-01 14:14:39 UTC","Source":"added by added me back"},{"Username":"claire_gymnast4","Display Name":"Claire 🍯❤️","Creation Timestamp":"2020-09-24 04:24:24 UTC","Last Modified Timestamp":"2020-09-24 04:24:24 UTC","Source":"added by mention"},{"Username":"trent.jc","Display Name":"Trent Cofresi","Creation Timestamp":"2016-06-27 19:44:32 UTC","Last Modified Timestamp":"2016-06-27 19:44:32 UTC","Source":"added by added me back"},{"Username":"youwantthejoj","Display Name":"Jank","Creation Timestamp":"2016-06-26 20:40:36 UTC","Last Modified Timestamp":"2020-05-11 17:58:47 UTC","Source":"added by username"},{"Username":"rydawg016","Display Name":"Ryan","Creation Timestamp":"2013-11-22 05:15:51 UTC","Last Modified Timestamp":"2013-11-22 05:15:51 UTC","Source":"added by unknown"},{"Username":"sahibrai","Display Name":"Sahib","Creation Timestamp":"2016-12-23 16:00:38 UTC","Last Modified Timestamp":"2016-12-23 16:00:38 UTC","Source":"added by added me back"},{"Username":"thejakeg5","Display Name":"Anna","Creation Timestamp":"2019-05-17 15:01:42 UTC","Last Modified Timestamp":"2019-05-19 16:09:44 UTC","Source":"added by phone"},{"Username":"ziggy","Display Name":"","Creation Timestamp":"2014-04-20 01:10:43 UTC","Last Modified Timestamp":"2014-04-20 01:10:43 UTC","Source":"added by unknown"},{"Username":"ainokamii","Display Name":"Joe","Creation Timestamp":"2020-01-07 08:14:56 UTC","Last Modified Timestamp":"2020-04-03 15:52:42 UTC","Source":"added by added me back"},{"Username":"arcadia.love","Display Name":"🌙Goddess🌙","Creation Timestamp":"2017-06-06 14:06:00 UTC","Last Modified Timestamp":"2017-06-06 14:06:00 UTC","Source":"added by added me back"}],"Blocked Users":[{"Username":"ezmacnchz","Display Name":"","Creation Timestamp":"2022-11-14 04:45:49 UTC","Last Modified Timestamp":"2022-11-14 04:45:49 UTC","Source":"added by unknown"},{"Username":"at.marshall","Display Name":"","Creation Timestamp":"2017-05-05 12:25:31 UTC","Last Modified Timestamp":"2017-05-05 12:25:31 UTC","Source":"added by unknown"},{"Username":"emaleighcain","Display Name":"Emaliegh","Creation Timestamp":"2015-04-17 03:19:37 UTC","Last Modified Timestamp":"2015-04-17 03:19:37 UTC","Source":"added by unknown"},{"Username":"charlieincharg7","Display Name":"Charles Copeland","Creation Timestamp":"2019-03-02 18:47:57 UTC","Last Modified Timestamp":"2019-03-21 21:10:23 UTC","Source":"added by added me back"},{"Username":"theerik009","Display Name":"","Creation Timestamp":"2016-03-02 04:20:04 UTC","Last Modified Timestamp":"2016-03-02 04:20:04 UTC","Source":"added by unknown"},{"Username":"rehans_16","Display Name":"Rehan Shahid","Creation Timestamp":"2016-08-26 03:33:36 UTC","Last Modified Timestamp":"2016-08-26 03:33:36 UTC","Source":"added by added me back"},{"Username":"rightguytre","Display Name":"Seleck TREVINO","Creation Timestamp":"2016-04-29 04:28:57 UTC","Last Modified Timestamp":"2016-04-29 04:28:57 UTC","Source":"added by username"},{"Username":"selecktrevino","Display Name":"Seleck TREVINO","Creation Timestamp":"2016-08-04 19:49:39 UTC","Last Modified Timestamp":"2016-08-04 19:49:39 UTC","Source":"added by added me back"},{"Username":"sugadoc","Display Name":"Michael","Creation Timestamp":"2016-10-25 19:09:22 UTC","Last Modified Timestamp":"2016-10-25 19:09:22 UTC","Source":"added by added me back"}],"Deleted Friends":[{"Username":"tomorrowworld14","Display Name":"TomorrowWorld","Creation Timestamp":"2014-09-26 22:34:16 UTC","Last Modified Timestamp":"2014-09-26 22:34:16 UTC","Source":"added by unknown"},{"Username":"lalatootie","Display Name":"","Creation Timestamp":"2015-09-14 01:08:45 UTC","Last Modified Timestamp":"2015-09-14 01:08:45 UTC","Source":"added by qr code"},{"Username":"disposablegurl","Display Name":"","Creation Timestamp":"2022-11-16 23:12:49 UTC","Last Modified Timestamp":"2022-11-21 19:47:37 UTC","Source":"added by unknown"},{"Username":"mark.j007","Display Name":"Mark J🐼","Creation Timestamp":"2016-06-23 04:17:36 UTC","Last Modified Timestamp":"2016-06-23 04:17:36 UTC","Source":"added by added me back"},{"Username":"austinlimits","Display Name":"ACL Festival","Creation Timestamp":"2014-10-03 20:23:13 UTC","Last Modified Timestamp":"2014-10-03 20:23:13 UTC","Source":"added by unknown"},{"Username":"aborai","Display Name":"John","Creation Timestamp":"2016-09-28 21:48:43 UTC","Last Modified Timestamp":"2016-09-28 21:48:43 UTC","Source":"added by added me back"},{"Username":"pandahachinova","Display Name":"Stanbanlanfancan","Creation Timestamp":"2016-11-10 17:31:02 UTC","Last Modified Timestamp":"2021-01-10 06:00:21 UTC","Source":"added by suggested"},{"Username":"texasstatefair","Display Name":"State Fair","Creation Timestamp":"2014-10-11 19:05:02 UTC","Last Modified Timestamp":"2014-10-11 19:05:02 UTC","Source":"added by unknown"},{"Username":"freeleebg","Display Name":"Freeleethebananagirl🍌","Creation Timestamp":"2016-06-17 23:25:17 UTC","Last Modified Timestamp":"2016-06-17 23:25:17 UTC","Source":"added by username"},{"Username":"asslicker2012","Display Name":"Austin","Creation Timestamp":"2014-12-24 14:02:27 UTC","Last Modified Timestamp":"2014-12-24 14:02:27 UTC","Source":"added by unknown"},{"Username":"nycfashionweek","Display Name":"Fashion Week in NYC","Creation Timestamp":"2014-09-09 19:13:41 UTC","Last Modified Timestamp":"2014-09-09 19:13:41 UTC","Source":"added by unknown"},{"Username":"yardi5907","Display Name":"Yardi ✌🏼☮️","Creation Timestamp":"2019-11-01 20:12:49 UTC","Last Modified Timestamp":"2020-06-11 05:23:10 UTC","Source":"added by added me back"},{"Username":"oktoberfest14","Display Name":"Oktoberfest","Creation Timestamp":"2014-09-22 03:29:15 UTC","Last Modified Timestamp":"2014-09-22 03:29:15 UTC","Source":"added by unknown"},{"Username":"hiwhatsupimfinn","Display Name":"Finn","Creation Timestamp":"2015-11-06 01:52:28 UTC","Last Modified Timestamp":"2015-11-06 01:52:28 UTC","Source":"added by username"},{"Username":"mlblive","Display Name":"Orioles vs. Yankees","Creation Timestamp":"2014-09-26 00:27:07 UTC","Last Modified Timestamp":"2014-09-26 00:27:07 UTC","Source":"added by unknown"},{"Username":"tintinbig","Display Name":"Constantin","Creation Timestamp":"2017-04-26 03:17:06 UTC","Last Modified Timestamp":"2018-12-06 21:05:12 UTC","Source":"added by added me back"},{"Username":"cupertinolive","Display Name":"Cupertino Live","Creation Timestamp":"2014-09-09 19:13:41 UTC","Last Modified Timestamp":"2014-09-09 19:13:41 UTC","Source":"added by unknown"},{"Username":"hotairballoons1","Display Name":"Hot Air Balloon Fest","Creation Timestamp":"2014-10-04 22:28:39 UTC","Last Modified Timestamp":"2014-10-04 22:28:39 UTC","Source":"added by unknown"},{"Username":"riolive2014","Display Name":"Brazil Final Live","Creation Timestamp":"2014-07-13 15:14:40 UTC","Last Modified Timestamp":"2014-07-13 15:14:40 UTC","Source":"added by unknown"},{"Username":"simple_gil","Display Name":"Anthony 😍","Creation Timestamp":"2016-01-05 03:11:30 UTC","Last Modified Timestamp":"2021-11-27 15:28:25 UTC","Source":"added by username"},{"Username":"electriczoolive","Display Name":"Electric Zoo","Creation Timestamp":"2014-09-02 13:59:11 UTC","Last Modified Timestamp":"2014-09-02 13:59:11 UTC","Source":"added by unknown"},{"Username":"exotic_secrets","Display Name":"Tianaaa. 😻😋","Creation Timestamp":"2016-03-11 02:53:42 UTC","Last Modified Timestamp":"2016-03-11 02:53:42 UTC","Source":"added by qr code"},{"Username":"comicconnyc","Display Name":"Comic Con in NYC","Creation Timestamp":"2014-10-10 22:33:07 UTC","Last Modified Timestamp":"2014-10-10 22:33:07 UTC","Source":"added by unknown"},{"Username":"tlevy94","Display Name":"🍞","Creation Timestamp":"2016-11-13 00:03:32 UTC","Last Modified Timestamp":"2016-11-13 00:03:32 UTC","Source":"added by phone"},{"Username":"iheartmusicfest","Display Name":"iHeartRadio Festival","Creation Timestamp":"2014-09-20 16:01:50 UTC","Last Modified Timestamp":"2014-09-20 16:01:50 UTC","Source":"added by unknown"},{"Username":"antoinew93","Display Name":"Antoine 😁","Creation Timestamp":"2017-04-10 22:00:29 UTC","Last Modified Timestamp":"2017-04-10 22:00:29 UTC","Source":"added by added me back"}],"Hidden Friend Suggestions":[{"Username":"disposablegurl","Display Name":"😡 👁️ 🌞 🌧️","Creation Timestamp":"","Last Modified Timestamp":"","Source":"added by unknown"}],"Ignored Snapchatters":[],"Pending Requests":[],"Shortcuts":[]}