{"Frequent Locations":[{"City":"houston","Country":"usa","Region":"tx"},{"City":"houston","Country":"usa","Region":"tx"}],"Latest Location":[{"City":"houston","Country":"usa","Region":"tx"}],"Home & Work":{"Home":"lat 29.784 ± 80.25 meters, long -95.372 ± 80.25 meters","Work":""},"Daily Top Locations":[],"Top Locations Per Six-Day Period":[],"Location History":[{"Time":"2022/06/30 20:30:40","Latitude, Longitude":"29.800 ± 39.66 meters, -95.407 ± 39.66 meters"},{"Time":"2022/06/30 20:32:53","Latitude, Longitude":"29.800 ± 39.66 meters, -95.407 ± 39.66 meters"},{"Time":"2022/11/11 05:11:05","Latitude, Longitude":"29.784 ± 39.66 meters, -95.373 ± 39.66 meters"},{"Time":"2022/11/11 05:12:37","Latitude, Longitude":"29.784 ± 39.66 meters, -95.373 ± 39.66 meters"},{"Time":"2022/11/11 05:12:38","Latitude, Longitude":"29.784 ± 39.66 meters, -95.373 ± 39.66 meters"},{"Time":"2022/11/11 05:18:56","Latitude, Longitude":"29.784 ± 9.92 meters, -95.373 ± 9.92 meters"},{"Time":"2022/11/11 05:20:02","Latitude, Longitude":"29.784 ± 9.92 meters, -95.373 ± 9.92 meters"},{"Time":"2022/11/11 09:43:45","Latitude, Longitude":"29.784 ± 19.83 meters, -95.373 ± 19.83 meters"},{"Time":"2022/11/11 09:44:07","Latitude, Longitude":"29.784 ± 19.83 meters, -95.373 ± 19.83 meters"},{"Time":"2022/11/11 12:55:06","Latitude, Longitude":"29.784 ± 39.66 meters, -95.373 ± 39.66 meters"},{"Time":"2022/11/11 12:55:08","Latitude, Longitude":"29.784 ± 39.66 meters, -95.373 ± 39.66 meters"},{"Time":"2022/11/12 14:22:40","Latitude, Longitude":"29.784 ± 39.66 meters, -95.373 ± 39.66 meters"},{"Time":"2022/11/12 14:22:48","Latitude, Longitude":"29.784 ± 39.66 meters, -95.373 ± 39.66 meters"},{"Time":"2022/11/12 14:22:52","Latitude, Longitude":"29.784 ± 19.83 meters, -95.373 ± 19.83 meters"},{"Time":"2022/11/12 14:22:53","Latitude, Longitude":"29.784 ± 19.83 meters, -95.373 ± 19.83 meters"},{"Time":"2022/11/12 14:22:54","Latitude, Longitude":"29.784 ± 19.83 meters, -95.373 ± 19.83 meters"},{"Time":"2022/11/12 14:22:55","Latitude, Longitude":"29.784 ± 19.83 meters, -95.373 ± 19.83 meters"},{"Time":"2022/11/12 14:22:59","Latitude, Longitude":"29.784 ± 19.83 meters, -95.373 ± 19.83 meters"},{"Time":"2022/11/12 14:23:00","Latitude, Longitude":"29.784 ± 9.92 meters, -95.373 ± 9.92 meters"},{"Time":"2022/11/12 14:23:01","Latitude, Longitude":"29.784 ± 19.83 meters, -95.373 ± 19.83 meters"},{"Time":"2022/11/13 01:03:56","Latitude, Longitude":"29.784 ± 19.83 meters, -95.373 ± 19.83 meters"},{"Time":"2022/11/13 21:58:17","Latitude, Longitude":"29.784 ± 9.92 meters, -95.373 ± 9.92 meters"},{"Time":"2022/11/13 21:58:21","Latitude, Longitude":"29.784 ± 9.92 meters, -95.373 ± 9.92 meters"},{"Time":"2022/11/13 21:58:22","Latitude, Longitude":"29.784 ± 9.92 meters, -95.373 ± 9.92 meters"},{"Time":"2022/11/13 21:58:23","Latitude, Longitude":"29.784 ± 19.83 meters, -95.373 ± 19.83 meters"},{"Time":"2022/11/13 21:58:51","Latitude, Longitude":"29.784 ± 19.83 meters, -95.373 ± 19.83 meters"},{"Time":"2022/11/13 23:03:04","Latitude, Longitude":"29.784 ± 19.83 meters, -95.373 ± 19.83 meters"},{"Time":"2022/11/13 23:03:52","Latitude, Longitude":"29.784 ± 19.83 meters, -95.373 ± 19.83 meters"},{"Time":"2022/11/13 23:03:53","Latitude, Longitude":"29.784 ± 9.92 meters, -95.373 ± 9.92 meters"},{"Time":"2022/11/13 23:03:54","Latitude, Longitude":"29.784 ± 19.83 meters, -95.373 ± 19.83 meters"},{"Time":"2022/11/13 23:03:55","Latitude, Longitude":"29.784 ± 9.92 meters, -95.373 ± 9.92 meters"},{"Time":"2022/11/13 23:03:58","Latitude, Longitude":"29.784 ± 9.92 meters, -95.373 ± 9.92 meters"},{"Time":"2022/11/13 23:03:59","Latitude, Longitude":"29.784 ± 19.83 meters, -95.373 ± 19.83 meters"},{"Time":"2022/11/13 23:04:36","Latitude, Longitude":"29.784 ± 19.83 meters, -95.373 ± 19.83 meters"},{"Time":"2022/11/13 23:04:38","Latitude, Longitude":"29.784 ± 9.92 meters, -95.373 ± 9.92 meters"},{"Time":"2022/11/13 23:04:41","Latitude, Longitude":"29.784 ± 9.92 meters, -95.373 ± 9.92 meters"},{"Time":"2022/11/13 23:04:42","Latitude, Longitude":"29.784 ± 19.83 meters, -95.373 ± 19.83 meters"},{"Time":"2022/11/13 23:04:44","Latitude, Longitude":"29.784 ± 19.83 meters, -95.373 ± 19.83 meters"},{"Time":"2022/11/13 23:04:45","Latitude, Longitude":"29.784 ± 19.83 meters, -95.373 ± 19.83 meters"},{"Time":"2022/11/13 23:06:02","Latitude, Longitude":"29.784 ± 19.83 meters, -95.373 ± 19.83 meters"},{"Time":"2022/11/13 23:06:08","Latitude, Longitude":"29.784 ± 19.83 meters, -95.373 ± 19.83 meters"},{"Time":"2022/11/13 23:06:10","Latitude, Longitude":"29.784 ± 19.83 meters, -95.373 ± 19.83 meters"},{"Time":"2022/11/13 23:06:11","Latitude, Longitude":"29.784 ± 9.92 meters, -95.373 ± 9.92 meters"},{"Time":"2022/11/13 23:06:13","Latitude, Longitude":"29.784 ± 9.92 meters, -95.373 ± 9.92 meters"},{"Time":"2022/11/13 23:06:14","Latitude, Longitude":"29.784 ± 9.92 meters, -95.373 ± 9.92 meters"},{"Time":"2022/11/13 23:07:01","Latitude, Longitude":"29.784 ± 19.83 meters, -95.373 ± 19.83 meters"},{"Time":"2022/11/13 23:07:05","Latitude, Longitude":"29.784 ± 19.83 meters, -95.373 ± 19.83 meters"},{"Time":"2022/11/13 23:07:06","Latitude, Longitude":"29.784 ± 9.92 meters, -95.373 ± 9.92 meters"},{"Time":"2022/11/13 23:07:07","Latitude, Longitude":"29.784 ± 9.92 meters, -95.373 ± 9.92 meters"},{"Time":"2022/11/13 23:07:08","Latitude, Longitude":"29.784 ± 19.83 meters, -95.373 ± 19.83 meters"},{"Time":"2022/11/13 23:07:10","Latitude, Longitude":"29.784 ± 19.83 meters, -95.373 ± 19.83 meters"},{"Time":"2022/11/13 23:07:11","Latitude, Longitude":"29.784 ± 9.92 meters, -95.373 ± 9.92 meters"},{"Time":"2022/11/13 23:07:12","Latitude, Longitude":"29.784 ± 9.92 meters, -95.373 ± 9.92 meters"},{"Time":"2022/11/13 23:07:13","Latitude, Longitude":"29.784 ± 19.83 meters, -95.373 ± 19.83 meters"},{"Time":"2022/11/13 23:07:33","Latitude, Longitude":"29.784 ± 19.83 meters, -95.373 ± 19.83 meters"},{"Time":"2022/11/13 23:07:38","Latitude, Longitude":"29.784 ± 19.83 meters, -95.373 ± 19.83 meters"},{"Time":"2022/11/13 23:07:39","Latitude, Longitude":"29.784 ± 9.92 meters, -95.373 ± 9.92 meters"},{"Time":"2022/11/13 23:07:40","Latitude, Longitude":"29.784 ± 9.92 meters, -95.373 ± 9.92 meters"},{"Time":"2022/11/13 23:07:41","Latitude, Longitude":"29.784 ± 9.92 meters, -95.373 ± 9.92 meters"},{"Time":"2022/11/13 23:07:42","Latitude, Longitude":"29.784 ± 9.92 meters, -95.373 ± 9.92 meters"},{"Time":"2022/11/13 23:08:11","Latitude, Longitude":"29.784 ± 19.83 meters, -95.373 ± 19.83 meters"},{"Time":"2022/11/13 23:08:21","Latitude, Longitude":"29.784 ± 19.83 meters, -95.373 ± 19.83 meters"},{"Time":"2022/11/13 23:10:03","Latitude, Longitude":"29.784 ± 19.83 meters, -95.373 ± 19.83 meters"},{"Time":"2022/11/13 23:10:13","Latitude, Longitude":"29.784 ± 19.83 meters, -95.373 ± 19.83 meters"},{"Time":"2022/11/13 23:11:44","Latitude, Longitude":"29.784 ± 19.83 meters, -95.373 ± 19.83 meters"},{"Time":"2022/11/13 23:14:09","Latitude, Longitude":"29.784 ± 19.83 meters, -95.373 ± 19.83 meters"},{"Time":"2022/11/13 23:15:00","Latitude, Longitude":"29.784 ± 19.83 meters, -95.373 ± 19.83 meters"},{"Time":"2022/11/13 23:15:02","Latitude, Longitude":"29.784 ± 19.83 meters, -95.373 ± 19.83 meters"},{"Time":"2022/11/13 23:15:03","Latitude, Longitude":"29.784 ± 19.83 meters, -95.373 ± 19.83 meters"},{"Time":"2022/11/13 23:15:04","Latitude, Longitude":"29.784 ± 9.92 meters, -95.373 ± 9.92 meters"},{"Time":"2022/11/13 23:15:06","Latitude, Longitude":"29.784 ± 9.92 meters, -95.373 ± 9.92 meters"},{"Time":"2022/11/13 23:15:15","Latitude, Longitude":"29.784 ± 19.83 meters, -95.373 ± 19.83 meters"},{"Time":"2022/11/13 23:15:28","Latitude, Longitude":"29.784 ± 19.83 meters, -95.373 ± 19.83 meters"},{"Time":"2022/11/13 23:15:29","Latitude, Longitude":"29.784 ± 9.92 meters, -95.373 ± 9.92 meters"},{"Time":"2022/11/13 23:15:32","Latitude, Longitude":"29.784 ± 9.92 meters, -95.373 ± 9.92 meters"},{"Time":"2022/11/13 23:15:47","Latitude, Longitude":"29.784 ± 19.83 meters, -95.373 ± 19.83 meters"},{"Time":"2022/11/13 23:28:21","Latitude, Longitude":"29.784 ± 19.83 meters, -95.373 ± 19.83 meters"},{"Time":"2022/11/13 23:33:14","Latitude, Longitude":"29.784 ± 19.83 meters, -95.373 ± 19.83 meters"},{"Time":"2022/11/13 23:37:35","Latitude, Longitude":"29.784 ± 19.83 meters, -95.373 ± 19.83 meters"},{"Time":"2022/11/13 23:44:43","Latitude, Longitude":"29.784 ± 19.83 meters, -95.373 ± 19.83 meters"},{"Time":"2022/11/13 23:44:44","Latitude, Longitude":"29.784 ± 9.92 meters, -95.373 ± 9.92 meters"},{"Time":"2022/11/13 23:44:48","Latitude, Longitude":"29.784 ± 9.92 meters, -95.373 ± 9.92 meters"},{"Time":"2022/11/13 23:44:49","Latitude, Longitude":"29.784 ± 19.83 meters, -95.373 ± 19.83 meters"},{"Time":"2022/11/13 23:45:14","Latitude, Longitude":"29.784 ± 19.83 meters, -95.373 ± 19.83 meters"},{"Time":"2022/11/13 23:45:15","Latitude, Longitude":"29.784 ± 9.92 meters, -95.373 ± 9.92 meters"},{"Time":"2022/11/13 23:45:16","Latitude, Longitude":"29.784 ± 9.92 meters, -95.373 ± 9.92 meters"},{"Time":"2022/11/13 23:45:17","Latitude, Longitude":"29.784 ± 19.83 meters, -95.373 ± 19.83 meters"},{"Time":"2022/11/13 23:55:01","Latitude, Longitude":"29.784 ± 19.83 meters, -95.373 ± 19.83 meters"},{"Time":"2022/11/13 23:55:02","Latitude, Longitude":"29.784 ± 9.92 meters, -95.373 ± 9.92 meters"},{"Time":"2022/11/13 23:55:03","Latitude, Longitude":"29.784 ± 19.83 meters, -95.373 ± 19.83 meters"},{"Time":"2022/11/14 00:08:05","Latitude, Longitude":"29.784 ± 19.83 meters, -95.373 ± 19.83 meters"},{"Time":"2022/11/14 00:08:59","Latitude, Longitude":"29.784 ± 19.83 meters, -95.373 ± 19.83 meters"},{"Time":"2022/11/14 00:09:45","Latitude, Longitude":"29.784 ± 19.83 meters, -95.373 ± 19.83 meters"},{"Time":"2022/11/14 00:23:47","Latitude, Longitude":"29.784 ± 19.83 meters, -95.373 ± 19.83 meters"},{"Time":"2022/11/14 00:25:12","Latitude, Longitude":"29.784 ± 19.83 meters, -95.373 ± 19.83 meters"},{"Time":"2022/11/14 00:26:54","Latitude, Longitude":"29.784 ± 19.83 meters, -95.373 ± 19.83 meters"},{"Time":"2022/11/14 04:28:03","Latitude, Longitude":"29.784 ± 19.83 meters, -95.373 ± 19.83 meters"},{"Time":"2022/11/14 04:29:03","Latitude, Longitude":"29.784 ± 19.83 meters, -95.373 ± 19.83 meters"},{"Time":"2022/11/14 04:29:11","Latitude, Longitude":"29.784 ± 19.83 meters, -95.373 ± 19.83 meters"},{"Time":"2022/11/14 04:29:39","Latitude, Longitude":"29.784 ± 19.83 meters, -95.373 ± 19.83 meters"},{"Time":"2022/11/14 04:29:51","Latitude, Longitude":"29.784 ± 19.83 meters, -95.373 ± 19.83 meters"},{"Time":"2022/11/14 04:30:12","Latitude, Longitude":"29.784 ± 9.92 meters, -95.373 ± 9.92 meters"},{"Time":"2022/11/14 04:30:20","Latitude, Longitude":"29.784 ± 9.92 meters, -95.373 ± 9.92 meters"},{"Time":"2022/11/14 04:31:11","Latitude, Longitude":"29.784 ± 9.92 meters, -95.373 ± 9.92 meters"},{"Time":"2022/11/14 04:31:16","Latitude, Longitude":"29.784 ± 9.92 meters, -95.373 ± 9.92 meters"},{"Time":"2022/11/14 04:31:18","Latitude, Longitude":"29.784 ± 9.92 meters, -95.373 ± 9.92 meters"},{"Time":"2022/11/14 04:31:55","Latitude, Longitude":"29.784 ± 19.83 meters, -95.373 ± 19.83 meters"},{"Time":"2022/11/14 04:32:02","Latitude, Longitude":"29.784 ± 9.92 meters, -95.373 ± 9.92 meters"},{"Time":"2022/11/14 04:32:03","Latitude, Longitude":"29.784 ± 19.83 meters, -95.373 ± 19.83 meters"},{"Time":"2022/11/14 04:41:48","Latitude, Longitude":"29.784 ± 19.83 meters, -95.373 ± 19.83 meters"},{"Time":"2022/11/14 04:47:49","Latitude, Longitude":"29.784 ± 19.83 meters, -95.373 ± 19.83 meters"},{"Time":"2022/11/15 01:10:20","Latitude, Longitude":"29.805 ± 19.83 meters, -95.410 ± 19.83 meters"},{"Time":"2022/11/15 01:10:20","Latitude, Longitude":"29.805 ± 39.66 meters, -95.411 ± 39.66 meters"},{"Time":"2022/11/15 01:10:27","Latitude, Longitude":"29.805 ± 9.92 meters, -95.410 ± 9.92 meters"},{"Time":"2022/11/15 01:10:30","Latitude, Longitude":"29.805 ± 9.92 meters, -95.410 ± 9.92 meters"},{"Time":"2022/11/15 01:10:31","Latitude, Longitude":"29.805 ± 4.96 meters, -95.410 ± 4.96 meters"},{"Time":"2022/11/15 01:10:32","Latitude, Longitude":"29.805 ± 4.96 meters, -95.410 ± 4.96 meters"},{"Time":"2022/11/15 01:10:33","Latitude, Longitude":"29.805 ± 9.92 meters, -95.410 ± 9.92 meters"},{"Time":"2022/11/15 01:10:34","Latitude, Longitude":"29.805 ± 9.92 meters, -95.410 ± 9.92 meters"},{"Time":"2022/11/15 01:10:35","Latitude, Longitude":"29.805 ± 4.96 meters, -95.410 ± 4.96 meters"},{"Time":"2022/11/15 01:10:36","Latitude, Longitude":"29.805 ± 9.92 meters, -95.410 ± 9.92 meters"},{"Time":"2022/11/15 01:12:52","Latitude, Longitude":"29.805 ± 39.66 meters, -95.411 ± 39.66 meters"},{"Time":"2022/11/15 01:12:52","Latitude, Longitude":"29.805 ± 9.92 meters, -95.410 ± 9.92 meters"},{"Time":"2022/11/16 22:52:44","Latitude, Longitude":"29.793 ± 39.66 meters, -95.397 ± 39.66 meters"},{"Time":"2022/11/16 22:52:46","Latitude, Longitude":"29.793 ± 39.66 meters, -95.398 ± 39.66 meters"},{"Time":"2022/11/16 22:52:47","Latitude, Longitude":"29.793 ± 19.83 meters, -95.397 ± 19.83 meters"},{"Time":"2022/11/16 22:52:48","Latitude, Longitude":"29.793 ± 39.66 meters, -95.398 ± 39.66 meters"},{"Time":"2022/11/16 22:52:51","Latitude, Longitude":"29.793 ± 19.83 meters, -95.397 ± 19.83 meters"},{"Time":"2022/11/16 22:52:52","Latitude, Longitude":"29.793 ± 9.92 meters, -95.397 ± 9.92 meters"},{"Time":"2022/11/16 22:52:53","Latitude, Longitude":"29.793 ± 19.83 meters, -95.397 ± 19.83 meters"},{"Time":"2022/11/16 22:52:54","Latitude, Longitude":"29.793 ± 9.92 meters, -95.397 ± 9.92 meters"},{"Time":"2022/11/16 22:52:55","Latitude, Longitude":"29.793 ± 19.83 meters, -95.397 ± 19.83 meters"},{"Time":"2022/11/16 22:52:56","Latitude, Longitude":"29.793 ± 9.92 meters, -95.397 ± 9.92 meters"},{"Time":"2022/11/16 22:53:30","Latitude, Longitude":"29.793 ± 9.92 meters, -95.397 ± 9.92 meters"},{"Time":"2022/11/16 22:58:28","Latitude, Longitude":"29.793 ± 19.83 meters, -95.397 ± 19.83 meters"},{"Time":"2022/11/16 22:58:30","Latitude, Longitude":"29.793 ± 9.92 meters, -95.397 ± 9.92 meters"},{"Time":"2022/11/16 22:58:32","Latitude, Longitude":"29.793 ± 39.66 meters, -95.398 ± 39.66 meters"},{"Time":"2022/11/16 22:58:33","Latitude, Longitude":"29.793 ± 9.92 meters, -95.397 ± 9.92 meters"},{"Time":"2022/11/16 22:58:34","Latitude, Longitude":"29.793 ± 39.66 meters, -95.398 ± 39.66 meters"},{"Time":"2022/11/16 22:58:35","Latitude, Longitude":"29.793 ± 39.66 meters, -95.398 ± 39.66 meters"},{"Time":"2022/11/16 22:58:36","Latitude, Longitude":"29.793 ± 19.83 meters, -95.397 ± 19.83 meters"},{"Time":"2022/11/16 22:58:37","Latitude, Longitude":"29.793 ± 19.83 meters, -95.397 ± 19.83 meters"},{"Time":"2022/11/16 22:58:38","Latitude, Longitude":"29.793 ± 9.92 meters, -95.397 ± 9.92 meters"},{"Time":"2022/11/16 23:01:08","Latitude, Longitude":"29.793 ± 9.92 meters, -95.397 ± 9.92 meters"},{"Time":"2022/11/16 23:01:09","Latitude, Longitude":"29.793 ± 19.83 meters, -95.397 ± 19.83 meters"},{"Time":"2022/11/16 23:07:44","Latitude, Longitude":"29.793 ± 19.83 meters, -95.397 ± 19.83 meters"},{"Time":"2022/11/16 23:07:47","Latitude, Longitude":"29.793 ± 19.83 meters, -95.397 ± 19.83 meters"},{"Time":"2022/11/16 23:07:54","Latitude, Longitude":"29.793 ± 19.83 meters, -95.397 ± 19.83 meters"},{"Time":"2022/11/16 23:13:02","Latitude, Longitude":"29.793 ± 19.83 meters, -95.397 ± 19.83 meters"},{"Time":"2022/11/20 04:33:13","Latitude, Longitude":"29.777 ± 39.66 meters, -95.397 ± 39.66 meters"},{"Time":"2022/11/20 04:33:14","Latitude, Longitude":"29.777 ± 39.66 meters, -95.398 ± 39.66 meters"},{"Time":"2022/11/20 04:33:15","Latitude, Longitude":"29.777 ± 39.66 meters, -95.398 ± 39.66 meters"},{"Time":"2022/11/20 04:33:16","Latitude, Longitude":"29.777 ± 39.66 meters, -95.397 ± 39.66 meters"},{"Time":"2022/11/20 04:33:19","Latitude, Longitude":"29.777 ± 39.66 meters, -95.397 ± 39.66 meters"},{"Time":"2022/11/20 04:33:20","Latitude, Longitude":"29.778 ± 39.66 meters, -95.397 ± 39.66 meters"},{"Time":"2022/11/20 04:33:22","Latitude, Longitude":"29.778 ± 39.66 meters, -95.397 ± 39.66 meters"},{"Time":"2022/11/20 04:34:12","Latitude, Longitude":"29.778 ± 39.66 meters, -95.397 ± 39.66 meters"}],"Businesses and public places you may have visited":[{"Date":"2021-10-29","Name":"Subway"},{"Date":"2021-11-12","Name":"Chipotle"},{"Date":"2021-11-22","Name":"Warby Parker"}],"Areas you may have visited in the last two years":[{"Time":"2020/11/02 19:15:42 UTC","City":"houston","Region":"Texas","Postal Code":"77092"},{"Time":"2020/11/07 01:14:19 UTC","City":"houston","Region":"Texas","Postal Code":"77065"},{"Time":"2020/11/23 22:29:39 UTC","City":"houston","Region":"Texas","Postal Code":"77042"},{"Time":"2020/11/25 01:44:47 UTC","City":"houston","Region":"Texas","Postal Code":"77025"},{"Time":"2020/11/25 23:03:15 UTC","City":"houston","Region":"Texas","Postal Code":"77583"},{"Time":"2021/02/25 21:03:19 UTC","City":"baldwin place","Region":"New York","Postal Code":"77009"},{"Time":"2021/03/13 06:16:46 UTC","City":"houston","Region":"Texas","Postal Code":"77030"},{"Time":"2021/03/25 01:03:47 UTC","City":"houston","Region":"Texas","Postal Code":"77038"},{"Time":"2021/04/25 03:15:57 UTC","City":"dallas","Region":"Texas","Postal Code":"75219"},{"Time":"2021/04/25 04:00:02 UTC","City":"dallas","Region":"Texas","Postal Code":"75165"},{"Time":"2021/04/25 16:46:48 UTC","City":"dallas","Region":"Texas","Postal Code":"75225"},{"Time":"2021/05/19 19:38:18 UTC","City":"houston","Region":"Texas","Postal Code":"77063"},{"Time":"2021/05/29 18:02:51 UTC","City":"mazatlan","Region":"Sinaloa","Postal Code":"82129"},{"Time":"2021/06/01 16:58:00 UTC","City":"zacatecas","Region":"Zacatecas","Postal Code":"98085"},{"Time":"2021/07/01 19:28:38 UTC","City":"houston","Region":"Texas","Postal Code":"77066"},{"Time":"2021/08/17 05:28:50 UTC","City":"ewa beach","Region":"Hawaii","Postal Code":"96746"},{"Time":"2021/09/30 21:43:24 UTC","City":"houston","Region":"Texas","Postal Code":"77005"},{"Time":"2021/10/28 21:21:16 UTC","City":"houston","Region":"Texas","Postal Code":"77095"},{"Time":"2021/10/29 20:58:42 UTC","City":"houston","Region":"Texas","Postal Code":"77019"},{"Time":"2022/01/15 19:22:25 UTC","City":"houston","Region":"Texas","Postal Code":"77080"},{"Time":"2022/02/11 06:17:20 UTC","City":"jacksonville","Region":"Texas","Postal Code":"75766"},{"Time":"2022/02/20 03:45:37 UTC","City":"houston","Region":"Texas","Postal Code":"77057"},{"Time":"2022/02/20 03:59:02 UTC","City":"houston","Region":"Texas","Postal Code":"77098"},{"Time":"2022/02/27 05:32:39 UTC","City":"houston","Region":"Texas","Postal Code":"77002"},{"Time":"2022/03/19 18:42:22 UTC","City":"houston","Region":"Texas","Postal Code":"77077"},{"Time":"2022/03/30 17:45:37 UTC","City":"houston","Region":"Texas","Postal Code":"77204"},{"Time":"2022/05/14 19:28:04 UTC","City":"houston","Region":"Texas","Postal Code":"77018"},{"Time":"2022/07/02 17:41:07 UTC","City":"houston","Region":"Texas","Postal Code":"77055"},{"Time":"2022/07/08 20:05:14 UTC","City":"rockdale","Region":"Texas","Postal Code":"76567"},{"Time":"2022/09/15 19:24:01 UTC","City":"houston","Region":"Texas","Postal Code":"77009"},{"Time":"2022/10/03 18:00:22 UTC","City":"richmond","Region":"Texas","Postal Code":"77407"},{"Time":"2022/10/06 21:54:07 UTC","City":"houston","Region":"Texas","Postal Code":"77070"},{"Time":"2022/10/13 23:15:02 UTC","City":"freeport","Region":"Texas","Postal Code":"77541"},{"Time":"2022/10/16 20:15:30 UTC","City":"houston","Region":"Texas","Postal Code":"77024"},{"Time":"2022/10/20 03:05:19 UTC","City":"houston","Region":"Texas","Postal Code":"77076"},{"Time":"2022/10/25 17:34:43 UTC","City":"houston","Region":"Texas","Postal Code":"77007"},{"Time":"2022/10/26 16:20:59 UTC","City":"houston","Region":"Texas","Postal Code":"77091"},{"Time":"2022/11/06 17:45:53 UTC","City":"little neck","Region":"New York","Postal Code":"11362"},{"Time":"2022/11/16 23:11:09 UTC","City":"houston","Region":"Texas","Postal Code":"77008"}]}