{"App Profile":{"Country":"US","Creation Time":"2013-08-26 15:10:22 UTC","Account Creation Country":"UNKNOWN","Platform Version":"IOS","In-app Language":"en"},"Demographics":{"Cohort Age":"AGE_25_TO_34","Derived Ad Demographic":"FEMALE"},"Subscriptions":[],"Engagement":[{"Event":"Application Opens","Occurrences":119},{"Event":"Chats Viewed","Occurrences":16},{"Event":"Story Views","Occurrences":1},{"Event":"Snaps Viewed in a Story","Occurrences":335},{"Event":"Direct Snaps Created","Occurrences":16},{"Event":"Snaps Posted to Story","Occurrences":1},{"Event":"Geofilter Swipes","Occurrences":1},{"Event":"Story Ads Viewed","Occurrences":10},{"Event":"Chats Sent","Occurrences":45},{"Event":"Discover Editions Viewed","Occurrences":6},{"Event":"Discover Snap Views","Occurrences":102},{"Event":"Geofilter Story Snaps Viewed","Occurrences":15},{"Event":"Snap Views","Occurrences":2},{"Event":"Snap Sends","Occurrences":1}],"Discover Channels Viewed":[{"Channel Name":"0ebe0736-02aa-4ac3-b1c7-39984e7d89de"},{"Channel Name":"bca0a6d0-1539-4fe3-a7f3-2a9f817fcbb5"}],"Breakdown of Time Spent on App":["Camera: 18.05%","Discover: 5.70%","Map: 0.60%","Memories: 2.30%","Messaging: 37.38%","Others: 34.11%","Profile: 1.87%"],"Ads You Interacted With":[{"Advertiser Name":"Zenni Optical","Date":"2022-09-13"}],"Interest Categories":["Hip-Hop Music Fans","Rock Music Fans","Business News Watchers","News Watchers","Frequent International Travelers","Political News Watchers","Celebrity News Watchers","Parents & Family-Focused","Techies & Gadget Fans - HEC","Frequent Domestic Travelers","Outdoor & Nature Enthusiasts","Travel Enthusiasts - HEC","Philanthropists","Pet & Animal Lovers","Talk Show Fans","Fun Trivia & Quiz Fanatics - HEC","Burger Lovers","Mobile Gamers - Simulation","Advocates & Activists - HEC","Teen & Young Adult Genre Fans","Mobile Gamers - Casino","Math & Science Enthusiasts","Baby Product Buyers","Jewelry Buyers","Men's Lifestyle","Beauty & Personal Care Shoppers","Concert & Festival Goers","Music Fans","Dance & Electronic Music Fans","Country Music Fans","Pop Music Fans","Indie & Alternative Music Fans","Women's Fashion Shoppers","Punk & Metal Fans","Burger Lovers - HEC","Shoes Shoppers","Apparel Store Shoppers","Back To School Buyers - Book Stores","Gamers","Vegans & Organic Foodies","Console & PC Gamers","Mobile Gamers","Hipsters & Trendsetters","Green Living Enthusiasts","Fun Trivia & Quiz Fanatics","Investors & Entrepreneurs","Home Decoristas","Sci-fi & Fantasy Fans - HEC","Chat Fiction Enthusiasts","Meme Watchers","Advocates & Activists","Cordcutters - HEC","Drama Genre Fans - HEC","Family Genre Fans - HEC","Discount & Thrifty Shoppers","Reality TV Fans","Sci-fi & Fantasy Fans","Romance & Rom-Com Fans","Fitness Enthusiasts","Superhero Film Fans","Running Enthusiasts","Dallas Cowboys Fans","Foodies","Crime & Mystery Genre Fans - HEC","Yoga Enthusiasts","Indie & Foreign Film Fans - HEC","Film & TV Fans - HEC","Houston Texans Fans","Candy & Sweets Lovers","Social Drinkers","Beachgoers & Surfers - HEC","Mobile Gamers - Mid-Core and Hardcore","Coffee Lovers","Comics & Animation Fans - HEC","Soul & R&B Fans","Latin Music Fans","World Music Fans","Fashion & Style Gurus","Indie & Foreign Film Fans","Crime & Mystery Genre Fans","Action & Thriller Genre Fans","Film & TV Fans","Cordcutters","Family Genre Fans","Beachgoers & Surfers","Music Fans - HEC","Drama Genre Fans","Concert & Festival Goers - HEC","Movie Theater Goers","Horror Genre Fans","Hipsters & Trendsetters - HEC","Investors & Entrepreneurs - HEC","Wellness & Healthy Lifestyle","Travel Enthusiasts","Department Store Buyers","Techies & Gadget Fans","Family Travelers","Business Travelers","Women's Lifestyle","Frequent Travelers","Gamers - HEC","New Phone Seekers","Street Sport Enthusiasts","Water Sport Enthusiasts","Seasonal Buyers","Olympics Enthusiasts","Frequent International Travelers - HEC","Shoppers - HEC","Cosmetics Shoppers","Men's Fashion Shoppers","Jewelry & Watch Shoppers","American Football Fans - HEC","Last 12 Months Buyers - Amazon","Recent Buyers","Shoppers","Luxury Shoppers","Sports Fans","News Watchers - HEC","American Football Fans","Celebrity News Watchers - HEC","Outdoor & Nature Enthusiasts - HEC","Mobile Gamers - Trivia","Pet & Animal Lovers - HEC","Comics & Animation Fans","Bookworms & Avid Readers","Beauty Mavens","Collegiates","Clubbers & Party People","Photographers"],"Geographic Information":[],"Interactions":{"Web Interactions":["homemakers.com","angi.com","homedepot.com","society6.com","adidas.com","krispykreme.com","flightclub.com","platoscloset.com","purple.com","thredup.com","crackerbarrel.com","lifeboostcoffee.com","planetfitness.com","fender.com","hp.com","boutiquerugs.com","quora.com","dillards.com","eastbay.com","outdoorvoices.com","petsupermarket.com","wired.com","klassyshop.com","apartmentguide.com","gopuff.com","theathletic.com","halloweencostumes.com","wingstop.com","petapixel.com","livbaysupplies.com","variety.com","heb.com","47brand.com","moonpig.com","pandora.net","donefirst.com","universalorlando.com","express.com","lovebookonline.com","affluenttimes.com","kayak.com","altardstate.com","goodr.com","brooksrunning.com","gq.com","freshedits.com","balleralert.com","magicspoon.com","glamseamless.com","bigblanket.com","mlb.com","alomoves.com","jessiesselection.com","kiehls.com","saksfifthavenue.com","pitchfork.com","collegeboard.org","chase.com","livingly.com","dsw.com","antidote.me","advanceautoparts.com","sandiego.org","tuesdaymorning.com","marriott.com","1800petmeds.com","toryburch.com","vice.com","groupon.com","caliastudio.com","centralmarket.com","livenation.com","lifetime.life","victoriassecret.com","unm.edu","lululemon.com","hilton.com","botoxsavingsprogram.com","ving.no","mejuri.com","nationwide.com","feverup.com","paw.com","hypegalore.com","quizlet.com","prettylittlething.us","smartsaker.com","taylorswift.com","refinery29.com","audible.com","scheels.com","nike.com","allbirds.com","patreon.com","cengage.com","samsung.com","eyebuydirect.com","nypost.com","iherb.com","beachraider.com","adoreme.com","gnc.com","calvinklein.us","philo.com","meijer.com","plannedparenthood.org","wyzant.com","omniaclubs.com","starbucksearthmonthgame.com","adflegal.org","afterpay.com","partycity.com","vivint.com","hair.com","seatgeek.com","toomics.com","prose.com","vanityfair.com","nfl.com","stockx.com","talisa.com","definition.org","farfetch.com","nytimes.com","hbomax.com","belovedlifejewelry.com","uber.com","cigna.com","pacsun.com","gymshark.com","yourdailydish.com","sho.com","autotrader.com","famousfootwear.com","wayfair.com","lenscrafters.com","prettylittlething.com","modcloth.com","hulu.com","overstock.com","potterybarn.com","oldworldchristmas.com","clarifion.com","smoothieking.com","imperfectfoods.com","spotify.com","canon.com","potterybarnkids.com","whowhatwear.com","jimmyjohns.com","ikea.com","ashleyfurniture.com","pizzahut.com","wsj.com","missouri.edu","cameo.com","paramountplus.com","sunvalue.com","thehalara.com","patagonia.com","grabie.cc","apartments.com","proflowers.com","windsorstore.com","fashionnova.com","graduatez.com","mediaflex.co","enfamil.com","joinroot.com","superatv.com","showtime.com","titleist.com","usatoday.com","biglots.com","nissanusa.com","wwd.com","ticketmaster.com","buschgardens.com","ratemyprofessors.com","ulta.com","goodfair.com","americangunner.com","thebeardclub.com","axs.com","bullymake.com","snapchat.com","unitedmasters.com","curative.com","greatbigcanvas.com","people.com","defeet.com","zimbio.com","dermstore.com","foodperiod.com","deepeddyvodka.com","instacart.com","1800flowers.com","grip6.com","relieved.co","thereset.com","getaclearrear.com","deptofwonder.com","trendelites.com","discoveryplus.com","lnk.to","usps.com","esteelauder.com","pbteen.com","niche.com","twinspires.com","urbandecay.com","4ocean.com","herroom.com","shutterfly.com","disneyplus.com","gap.com","honeyfund.com","overtons.com","homage.com","langehair.com","louisvuitton.com","coursehero.com","acorns.com","studocu.com","lulus.com","tinyprints.com","trycaviar.com","autonomous.ai","nymag.com","redbubble.com","allure.com","dearava.com","forbes.com","xfinity.com","cbs.com","yourbump.com","uncommongoods.com","hccs.edu","cntraveler.com","converse.com","stryve.com","origins.com","ziprecruiter.com","mgmresorts.com","ampproject.org","hiwaldo.com","marinelayer.com","livingspaces.com","thecut.com","campingworld.com","scientificmirror.com","dailyfeed.co.uk","epicurious.com","chegg.com","hotelscombined.com","bmwusa.com","bombas.com","coachoutlet.com","dexcom.com","moviejewel.com","vuoriclothing.com","dickssportinggoods.com","kohls.com","sweetgreen.com","chipotle.com","siksilk.com","architecturaldigest.com","vshred.com","shipt.com","fandango.com","fivebelow.com","booking.com","doubleclick.net","jcpportraits.com","starbucks.com","eventbrite.com","acuvue.com","battlefields.org","bedrosians.com","statesman.com","petsmart.com","betterme.world","npr.org","theoodie.com","directv.com","ugg.com","usaa.com","hollisterco.com","mcssl.com","greyhound.com","officedepot.com","backmarket.com","houstonmethodist.org","stickerapp.com","lumifydrops.com","nextdoor.com","priceline.com","investing.com","choicehotels.com","personalizationmall.com","joinonelove.org","jetblue.com","citybeauty.com","callofduty.com","amazinggoodwill.com","publicaffairsbooks.com","viator.com","shsu.edu","doordash.com","numerade.com","bkstr.com","cinemark.com","mindyourdollars.com","visitlasvegas.com","buzzfeednews.com","vulture.com","expedia.com","francescas.com","patrontequila.com","zennioptical.com","theragun.com","westelm.com","yelp.com","betterment.com","champssports.com","chick-fil-a.com","bonappetit.com","frontgatetickets.com","teamk9.co","yoursuper.com","mathway.com","smarthomesavings.org","travelawaits.com","draftkings.com","belkin.com","att.com","zazzle.com","studysoup.com","t-mobile.com","supportpets.com","anchor.fm","theaccnz.com","nordstrom.com","starbucksprizeanddelight.com","otterbox.com","bedbathandbeyond.com","poshmark.com","nanoresort.com","tempurpedic.com","truecar.com","soundtrap.com","boohoo.com","pearson.com","glamour.com","american-life-insurance-today.com","degree-explorers.org","panerabread.com","complex.com","dailywire.com","redrobin.com","moneyawaits.com","parentingfactor.com","drmartens.com","zgallerie.com","containerstore.com","vogue.com","reebok.com","levi.com","imaginefestival.com","taxact.com","tickets.com","sallybeauty.com","chewy.com","hertz.com","mercari.com","rothys.com","brewbike.com","nzherald.co.nz","grubhub.com","sephora.com","teenvogue.com","iheart.com","royalcaribbean.com","adobe.com","joebiden.com","stevemadden.com","bose.com","ae.com","thepillclub.com","policypilot.com","betterme-mealplan.com","everyplate.com","lexus.com","newyorker.com","fabletics.com","buzzfeed.com","madewell.com","theblaze.com","wealtheditor.com","teepublic.com","shein.com","popsugar.com","ranker.com","bandmix.com","glassesusa.com","nastygal.com","proudpatriots.com","boohooman.com","nordstromrack.com","naturaldogcompany.com","itcosmetics.com","drizly.com","mybobs.com","zelda.com","clutchprep.com","ketocustomplan.com","slateandtell.com","vistaprint.com","bloomberg.com","airbnb.com","albionfit.com","discover.com","petco.com","projectrepat.com","officialsnugglepets.com","unmhealth.org","yogainternational.com","thepennyhoarder.com","twu.edu","staplesconnect.com","toofaced.com","whoop.com"],"App Interactions":["https://itunes.apple.com/us/app/id429047995","https://itunes.apple.com/us/app/id1453884781","https://itunes.apple.com/us/app/id883324671","https://itunes.apple.com/us/app/id324684580","https://itunes.apple.com/us/app/id1064216828","https://itunes.apple.com/us/app/id570060128","https://itunes.apple.com/us/app/id468996152","https://itunes.apple.com/us/app/id1085652055","https://itunes.apple.com/us/app/id331177714","https://itunes.apple.com/us/app/id640360962","https://itunes.apple.com/us/app/id546473125","https://itunes.apple.com/us/app/id297606951","https://itunes.apple.com/us/app/id415458524","https://itunes.apple.com/us/app/id835599320","https://itunes.apple.com/us/app/id711923939","https://itunes.apple.com/us/app/id930441707","https://itunes.apple.com/us/app/id1475128511","https://itunes.apple.com/us/app/id530621395","https://itunes.apple.com/us/app/id336353151","https://itunes.apple.com/us/app/id547702041","https://itunes.apple.com/us/app/id470412147","https://itunes.apple.com/us/app/id529379082","https://itunes.apple.com/us/app/id1056182234","https://itunes.apple.com/us/app/id595287172","https://itunes.apple.com/us/app/id896130944","https://itunes.apple.com/us/app/id1470373330","https://itunes.apple.com/us/app/id1149994032","https://itunes.apple.com/us/app/id630687854","https://itunes.apple.com/us/app/id376510438","https://itunes.apple.com/us/app/id351727428","https://itunes.apple.com/us/app/id284910350","https://itunes.apple.com/us/app/id368677368"]},"Off-Platform Sharing":[],"Mobile Ad Id":""}